[
    {
        "titulo": "A Rainy Day in New York",
        "ano": 2019,
        "classificacao": "PG−13",
        "nota": 6.6
    },
    {
        "titulo": "Jurassic World: Fallen Kingdom",
        "ano": 2018,
        "classificacao": "PG−13",
        "nota": 6.2
    },
    {
        "titulo": "2001: A Space Odyssey",
        "ano": 1968,
        "classificacao": "G",
        "nota": 8.3
    },
    {
        "titulo": "Toy Story 4",
        "ano": 2019,
        "classificacao": "G",
        "nota": 7.8
    }
]