ano;mes;funcionario_id;funcao;salario;horas_semanais
2015;1;2;operacional;2100;40
2015;1;8;operacional;2080;40
2015;1;12;executivo;25800;40
2015;1;15;operacional;1365;30
2015;1;18;operacional;1820;40
2015;1;21;operacional;1820;40
2015;1;22;operacional;1470;30
2015;1;24;executivo;24080;40
2015;1;30;operacional;2080;40
2015;1;31;executivo;25800;40
2015;1;34;operacional;1560;30
2015;1;36;operacional;1365;30
2015;1;40;operacional;1365;30
2015;2;2;operacional;2100;40
2015;2;8;operacional;2080;40
2015;2;12;executivo;25800;40
2015;2;15;operacional;1365;30
2015;2;18;operacional;1820;40
2015;2;21;operacional;1820;40
2015;2;22;operacional;1470;30
2015;2;24;executivo;24080;40
2015;2;30;operacional;2080;40
2015;2;31;executivo;25800;40
2015;2;34;operacional;1560;30
2015;2;36;operacional;1365;30
2015;2;40;operacional;1365;30
2015;3;2;operacional;2100;40
2015;3;8;operacional;2080;40
2015;3;12;executivo;25800;40
2015;3;15;operacional;1365;30
2015;3;18;operacional;1820;40
2015;3;21;operacional;1820;40
2015;3;22;operacional;1470;30
2015;3;24;executivo;24080;40
2015;3;30;operacional;2080;40
2015;3;31;executivo;25800;40
2015;3;34;operacional;1560;30
2015;3;36;operacional;1365;30
2015;3;40;operacional;1365;30
2015;4;2;operacional;2100;40
2015;4;8;operacional;2080;40
2015;4;12;executivo;25800;40
2015;4;15;operacional;1365;30
2015;4;18;operacional;1820;40
2015;4;21;operacional;1820;40
2015;4;22;operacional;1470;30
2015;4;24;executivo;24080;40
2015;4;30;operacional;2080;40
2015;4;31;executivo;25800;40
2015;4;34;operacional;1560;30
2015;4;36;operacional;1365;30
2015;4;40;operacional;1365;30
2015;5;2;operacional;2100;40
2015;5;8;operacional;2080;40
2015;5;12;executivo;25800;40
2015;5;15;operacional;1365;30
2015;5;18;operacional;1820;40
2015;5;21;operacional;1820;40
2015;5;22;operacional;1470;30
2015;5;24;executivo;24080;40
2015;5;30;operacional;2080;40
2015;5;31;executivo;25800;40
2015;5;34;operacional;1560;30
2015;5;36;operacional;1560;30
2015;5;40;operacional;1365;30
2015;6;2;operacional;2100;40
2015;6;8;operacional;2080;40
2015;6;12;executivo;25800;40
2015;6;15;operacional;1365;30
2015;6;18;operacional;1820;40
2015;6;21;operacional;1820;40
2015;6;22;operacional;1470;30
2015;6;24;executivo;24080;40
2015;6;30;operacional;2080;40
2015;6;31;executivo;25800;40
2015;6;34;operacional;1560;30
2015;6;36;operacional;1560;30
2015;6;40;operacional;1365;30
2015;7;2;operacional;2100;40
2015;7;8;operacional;2080;40
2015;7;12;executivo;25800;40
2015;7;15;operacional;1365;30
2015;7;18;operacional;1820;40
2015;7;21;operacional;1820;40
2015;7;22;operacional;1470;30
2015;7;24;executivo;24080;40
2015;7;30;operacional;2080;40
2015;7;31;executivo;25800;40
2015;7;34;operacional;1560;30
2015;7;36;operacional;1560;30
2015;7;40;operacional;1365;30
2015;8;2;operacional;2100;40
2015;8;8;operacional;2080;40
2015;8;12;executivo;25800;40
2015;8;15;operacional;1365;30
2015;8;18;operacional;1820;40
2015;8;21;operacional;1820;40
2015;8;22;operacional;1470;30
2015;8;24;executivo;24080;40
2015;8;30;operacional;2080;40
2015;8;31;executivo;25800;40
2015;8;34;operacional;1560;30
2015;8;36;operacional;1560;30
2015;8;40;operacional;1365;30
2015;9;2;operacional;2100;40
2015;9;8;operacional;2080;40
2015;9;12;executivo;25800;40
2015;9;15;operacional;1365;30
2015;9;18;operacional;1820;40
2015;9;21;operacional;1820;40
2015;9;22;operacional;1470;30
2015;9;24;executivo;24080;40
2015;9;30;operacional;2080;40
2015;9;31;executivo;25800;40
2015;9;34;operacional;1560;30
2015;9;36;operacional;1560;30
2015;9;40;operacional;1365;30
2015;10;2;operacional;2100;40
2015;10;8;operacional;2080;40
2015;10;12;executivo;25800;40
2015;10;15;operacional;1365;30
2015;10;18;operacional;1820;40
2015;10;21;operacional;1820;40
2015;10;22;operacional;1470;30
2015;10;24;executivo;24080;40
2015;10;30;junior;2600;40
2015;10;31;executivo;25800;40
2015;10;34;operacional;1560;30
2015;10;36;operacional;1560;30
2015;10;40;operacional;1365;30
2015;11;2;operacional;2100;40
2015;11;8;operacional;2080;40
2015;11;12;executivo;25800;40
2015;11;15;operacional;1365;30
2015;11;18;operacional;1820;40
2015;11;21;operacional;1820;40
2015;11;22;operacional;1470;30
2015;11;24;executivo;24080;40
2015;11;30;junior;2600;40
2015;11;31;executivo;25800;40
2015;11;34;operacional;1560;30
2015;11;36;operacional;1560;30
2015;11;40;operacional;1365;30
2015;12;2;operacional;2100;40
2015;12;8;operacional;2080;40
2015;12;12;executivo;25800;40
2015;12;15;operacional;1365;30
2015;12;18;operacional;2080;40
2015;12;21;operacional;1820;40
2015;12;22;operacional;1470;30
2015;12;24;executivo;24080;40
2015;12;30;junior;2600;40
2015;12;31;executivo;25800;40
2015;12;34;operacional;1560;30
2015;12;36;operacional;1560;30
2015;12;40;operacional;1365;30
2016;1;1;operacional;1365;30
2016;1;2;operacional;2100;40
2016;1;5;operacional;1715;40
2016;1;8;operacional;2080;40
2016;1;11;operacional;1820;40
2016;1;12;executivo;25800;40
2016;1;15;operacional;1365;30
2016;1;18;operacional;2080;40
2016;1;21;operacional;1820;40
2016;1;22;operacional;1470;30
2016;1;24;executivo;24080;40
2016;1;30;junior;2600;40
2016;1;31;executivo;25800;40
2016;1;34;operacional;1560;30
2016;1;36;operacional;1560;30
2016;1;39;operacional;1050;20
2016;1;40;operacional;1365;30
2016;2;1;operacional;1365;30
2016;2;2;operacional;2100;40
2016;2;5;operacional;1715;40
2016;2;8;operacional;2080;40
2016;2;11;operacional;1820;40
2016;2;12;executivo;25800;40
2016;2;15;operacional;1365;30
2016;2;18;operacional;2080;40
2016;2;21;operacional;1820;40
2016;2;22;operacional;1470;30
2016;2;24;executivo;24080;40
2016;2;30;junior;2600;40
2016;2;31;executivo;25800;40
2016;2;34;operacional;1560;30
2016;2;36;operacional;1560;30
2016;2;39;operacional;1050;20
2016;2;40;operacional;1365;30
2016;3;1;operacional;1365;30
2016;3;2;operacional;2400;40
2016;3;5;operacional;1715;40
2016;3;8;operacional;2080;40
2016;3;11;operacional;1820;40
2016;3;12;executivo;25800;40
2016;3;15;operacional;1365;30
2016;3;18;operacional;2080;40
2016;3;21;operacional;1820;40
2016;3;22;operacional;1680;30
2016;3;24;executivo;24080;40
2016;3;30;junior;2600;40
2016;3;31;executivo;25800;40
2016;3;34;operacional;1560;30
2016;3;36;operacional;1560;30
2016;3;39;operacional;1050;20
2016;3;40;operacional;1365;30
2016;4;1;operacional;1365;30
2016;4;2;operacional;2400;40
2016;4;5;operacional;1715;40
2016;4;8;operacional;2080;40
2016;4;11;operacional;1820;40
2016;4;12;executivo;25800;40
2016;4;15;operacional;1365;30
2016;4;18;operacional;2080;40
2016;4;21;operacional;1820;40
2016;4;22;operacional;1680;30
2016;4;24;executivo;24080;40
2016;4;30;junior;2600;40
2016;4;31;executivo;25800;40
2016;4;34;operacional;1560;30
2016;4;36;operacional;1560;30
2016;4;39;operacional;1050;20
2016;4;40;operacional;1365;30
2016;5;1;operacional;1365;30
2016;5;2;operacional;2400;40
2016;5;5;operacional;1715;40
2016;5;8;operacional;2080;40
2016;5;11;operacional;1820;40
2016;5;12;executivo;25800;40
2016;5;15;operacional;1560;30
2016;5;18;operacional;2080;40
2016;5;21;operacional;1820;40
2016;5;22;operacional;1680;30
2016;5;24;executivo;24080;40
2016;5;30;junior;2600;40
2016;5;31;executivo;25800;40
2016;5;34;operacional;1560;30
2016;5;36;operacional;1560;30
2016;5;39;operacional;1050;20
2016;5;40;operacional;1365;30
2016;6;1;operacional;1365;30
2016;6;2;operacional;2400;40
2016;6;5;operacional;1715;40
2016;6;8;operacional;2080;40
2016;6;11;operacional;1820;40
2016;6;12;executivo;25800;40
2016;6;15;operacional;1560;30
2016;6;18;operacional;2080;40
2016;6;21;operacional;1820;40
2016;6;22;operacional;1680;30
2016;6;24;executivo;24080;40
2016;6;30;junior;2600;40
2016;6;31;executivo;25800;40
2016;6;34;operacional;1560;30
2016;6;36;operacional;1560;30
2016;6;39;operacional;1050;20
2016;6;40;operacional;1365;30
2016;7;1;operacional;1365;30
2016;7;2;operacional;2400;40
2016;7;5;operacional;1715;40
2016;7;8;operacional;2080;40
2016;7;11;operacional;1820;40
2016;7;12;executivo;25800;40
2016;7;15;operacional;1560;30
2016;7;18;operacional;2080;40
2016;7;21;operacional;1820;40
2016;7;22;operacional;1680;30
2016;7;24;executivo;24080;40
2016;7;30;junior;2600;40
2016;7;31;executivo;25800;40
2016;7;34;operacional;1560;30
2016;7;36;operacional;1560;30
2016;7;39;operacional;1050;20
2016;7;40;operacional;1365;30
2016;8;1;operacional;1365;30
2016;8;2;operacional;2400;40
2016;8;5;operacional;1715;40
2016;8;8;operacional;2080;40
2016;8;11;operacional;1820;40
2016;8;12;executivo;25800;40
2016;8;15;operacional;1560;30
2016;8;18;operacional;2080;40
2016;8;21;operacional;1820;40
2016;8;22;operacional;1680;30
2016;8;24;executivo;24080;40
2016;8;30;junior;2600;40
2016;8;31;executivo;25800;40
2016;8;34;junior;1950;30
2016;8;36;operacional;1560;30
2016;8;39;operacional;1050;20
2016;8;40;operacional;1365;30
2016;9;1;operacional;1365;30
2016;9;2;operacional;2400;40
2016;9;5;operacional;1715;40
2016;9;8;operacional;2080;40
2016;9;11;operacional;1820;40
2016;9;12;executivo;25800;40
2016;9;15;operacional;1560;30
2016;9;18;operacional;2080;40
2016;9;21;operacional;1820;40
2016;9;22;operacional;1680;30
2016;9;24;executivo;24080;40
2016;9;30;junior;2600;40
2016;9;31;executivo;25800;40
2016;9;34;junior;1950;30
2016;9;36;operacional;1560;30
2016;9;39;operacional;1050;20
2016;9;40;operacional;1365;30
2016;10;1;operacional;1365;30
2016;10;2;operacional;2400;40
2016;10;5;operacional;1715;40
2016;10;8;junior;2600;40
2016;10;11;operacional;1820;40
2016;10;12;executivo;25800;40
2016;10;15;operacional;1560;30
2016;10;18;operacional;2080;40
2016;10;21;operacional;1820;40
2016;10;22;operacional;1680;30
2016;10;24;executivo;24080;40
2016;10;30;junior;2600;40
2016;10;31;executivo;25800;40
2016;10;34;junior;1950;30
2016;10;36;operacional;1560;30
2016;10;39;operacional;1050;20
2016;10;40;operacional;1365;30
2016;11;1;operacional;1365;30
2016;11;2;operacional;2400;40
2016;11;5;operacional;1715;40
2016;11;8;junior;2600;40
2016;11;11;operacional;1820;40
2016;11;12;executivo;25800;40
2016;11;15;operacional;1560;30
2016;11;18;operacional;2080;40
2016;11;21;operacional;1820;40
2016;11;22;operacional;1680;30
2016;11;24;executivo;24080;40
2016;11;30;junior;2600;40
2016;11;31;executivo;25800;40
2016;11;34;junior;1950;30
2016;11;36;operacional;1560;30
2016;11;39;operacional;1050;20
2016;11;40;operacional;1365;30
2016;12;1;operacional;1365;30
2016;12;2;operacional;2400;40
2016;12;5;operacional;1715;40
2016;12;8;junior;2600;40
2016;12;11;operacional;1820;40
2016;12;12;executivo;25800;40
2016;12;15;operacional;1560;30
2016;12;18;operacional;2080;40
2016;12;21;operacional;2080;40
2016;12;22;operacional;1680;30
2016;12;24;executivo;24080;40
2016;12;30;junior;2600;40
2016;12;31;executivo;25800;40
2016;12;34;junior;1950;30
2016;12;36;operacional;1560;30
2016;12;39;operacional;1050;20
2016;12;40;operacional;1365;30
2017;1;1;operacional;1365;30
2017;1;2;operacional;2400;40
2017;1;4;operacional;1960;40
2017;1;5;operacional;1715;40
2017;1;8;junior;2600;40
2017;1;10;operacional;1365;30
2017;1;11;operacional;1820;40
2017;1;12;executivo;25800;40
2017;1;15;operacional;1560;30
2017;1;18;operacional;2080;40
2017;1;20;operacional;1365;30
2017;1;21;operacional;2080;40
2017;1;22;operacional;1680;30
2017;1;24;executivo;24080;40
2017;1;25;operacional;1820;40
2017;1;27;operacional;1715;40
2017;1;30;junior;2600;40
2017;1;31;executivo;25800;40
2017;1;34;junior;1950;30
2017;1;36;operacional;1560;30
2017;1;38;operacional;1662;40
2017;1;39;operacional;1050;20
2017;1;40;operacional;1365;30
2017;2;1;operacional;1365;30
2017;2;2;operacional;2400;40
2017;2;4;operacional;1960;40
2017;2;5;operacional;1715;40
2017;2;8;junior;2600;40
2017;2;10;operacional;1365;30
2017;2;11;operacional;1820;40
2017;2;12;executivo;25800;40
2017;2;15;operacional;1560;30
2017;2;18;operacional;2080;40
2017;2;20;operacional;1365;30
2017;2;21;operacional;2080;40
2017;2;22;operacional;1680;30
2017;2;24;executivo;24080;40
2017;2;25;operacional;1820;40
2017;2;27;operacional;1715;40
2017;2;30;junior;2600;40
2017;2;31;executivo;25800;40
2017;2;34;junior;1950;30
2017;2;36;operacional;1560;30
2017;2;38;operacional;1662;40
2017;2;39;operacional;1050;20
2017;2;40;operacional;1365;30
2017;3;1;operacional;1365;30
2017;3;2;operacional;2400;40
2017;3;4;operacional;1960;40
2017;3;5;operacional;1715;40
2017;3;8;junior;2600;40
2017;3;10;operacional;1365;30
2017;3;11;operacional;1820;40
2017;3;12;executivo;25800;40
2017;3;15;operacional;1560;30
2017;3;18;operacional;2080;40
2017;3;20;operacional;1365;30
2017;3;21;operacional;2080;40
2017;3;22;operacional;1680;30
2017;3;24;executivo;24080;40
2017;3;25;operacional;1820;40
2017;3;27;operacional;1715;40
2017;3;30;junior;2600;40
2017;3;31;executivo;25800;40
2017;3;34;junior;1950;30
2017;3;36;operacional;1560;30
2017;3;38;operacional;1662;40
2017;3;39;operacional;1050;20
2017;3;40;operacional;1365;30
2017;4;1;operacional;1365;30
2017;4;2;operacional;2400;40
2017;4;4;operacional;1960;40
2017;4;5;operacional;1715;40
2017;4;8;junior;2600;40
2017;4;10;operacional;1365;30
2017;4;11;operacional;1820;40
2017;4;12;executivo;25800;40
2017;4;15;operacional;1560;30
2017;4;18;operacional;2080;40
2017;4;20;operacional;1365;30
2017;4;21;operacional;2080;40
2017;4;22;operacional;1680;30
2017;4;24;executivo;24080;40
2017;4;25;operacional;1820;40
2017;4;27;operacional;1715;40
2017;4;30;junior;2600;40
2017;4;31;executivo;25800;40
2017;4;34;junior;1950;30
2017;4;36;operacional;1560;30
2017;4;38;operacional;1662;40
2017;4;39;operacional;1050;20
2017;4;40;operacional;1365;30
2017;5;1;operacional;1365;30
2017;5;2;junior;3000;40
2017;5;4;operacional;1960;40
2017;5;5;operacional;1715;40
2017;5;8;junior;2600;40
2017;5;10;operacional;1365;30
2017;5;11;operacional;1820;40
2017;5;12;executivo;25800;40
2017;5;15;operacional;1560;30
2017;5;18;operacional;2080;40
2017;5;20;operacional;1365;30
2017;5;21;operacional;2080;40
2017;5;22;operacional;1680;30
2017;5;24;executivo;24080;40
2017;5;25;operacional;1820;40
2017;5;27;operacional;1715;40
2017;5;30;junior;2600;40
2017;5;31;executivo;25800;40
2017;5;34;junior;1950;30
2017;5;36;operacional;1560;30
2017;5;38;operacional;1662;40
2017;5;39;operacional;1050;20
2017;5;40;operacional;1560;30
2017;6;1;operacional;1365;30
2017;6;2;junior;3000;40
2017;6;4;operacional;1960;40
2017;6;5;operacional;1715;40
2017;6;8;junior;2600;40
2017;6;10;operacional;1365;30
2017;6;11;operacional;1820;40
2017;6;12;executivo;25800;40
2017;6;15;operacional;1560;30
2017;6;18;operacional;2080;40
2017;6;20;operacional;1365;30
2017;6;21;operacional;2080;40
2017;6;22;operacional;1680;30
2017;6;24;executivo;24080;40
2017;6;25;operacional;1820;40
2017;6;27;operacional;1715;40
2017;6;30;junior;2600;40
2017;6;31;executivo;25800;40
2017;6;34;junior;1950;30
2017;6;36;operacional;1560;30
2017;6;38;operacional;1662;40
2017;6;39;operacional;1050;20
2017;6;40;operacional;1560;30
2017;7;1;operacional;1365;30
2017;7;2;junior;3000;40
2017;7;4;operacional;1960;40
2017;7;5;operacional;1715;40
2017;7;8;junior;2600;40
2017;7;10;operacional;1365;30
2017;7;11;operacional;1820;40
2017;7;12;executivo;25800;40
2017;7;15;operacional;1560;30
2017;7;18;operacional;2080;40
2017;7;20;operacional;1365;30
2017;7;21;operacional;2080;40
2017;7;22;operacional;1680;30
2017;7;24;executivo;24080;40
2017;7;25;operacional;1820;40
2017;7;27;operacional;1715;40
2017;7;30;junior;2600;40
2017;7;31;executivo;25800;40
2017;7;34;junior;1950;30
2017;7;36;operacional;1560;30
2017;7;38;operacional;1662;40
2017;7;39;operacional;1050;20
2017;7;40;operacional;1560;30
2017;8;1;operacional;1365;30
2017;8;2;junior;3000;40
2017;8;4;operacional;1960;40
2017;8;5;operacional;1715;40
2017;8;8;junior;2600;40
2017;8;10;operacional;1365;30
2017;8;11;operacional;1820;40
2017;8;12;executivo;25800;40
2017;8;15;operacional;1560;30
2017;8;18;operacional;2080;40
2017;8;20;operacional;1365;30
2017;8;21;operacional;2080;40
2017;8;22;operacional;1680;30
2017;8;24;executivo;24080;40
2017;8;25;operacional;1820;40
2017;8;27;operacional;1715;40
2017;8;30;pleno;3900;40
2017;8;31;executivo;25800;40
2017;8;34;junior;1950;30
2017;8;36;junior;1950;30
2017;8;38;operacional;1662;40
2017;8;39;operacional;1050;20
2017;8;40;operacional;1560;30
2017;9;1;operacional;1365;30
2017;9;2;junior;3000;40
2017;9;4;operacional;1960;40
2017;9;5;operacional;1715;40
2017;9;8;junior;2600;40
2017;9;10;operacional;1365;30
2017;9;11;operacional;1820;40
2017;9;12;executivo;25800;40
2017;9;15;operacional;1560;30
2017;9;18;operacional;2080;40
2017;9;20;operacional;1365;30
2017;9;21;operacional;2080;40
2017;9;22;operacional;1680;30
2017;9;24;executivo;24080;40
2017;9;25;operacional;1820;40
2017;9;27;operacional;1715;40
2017;9;30;pleno;3900;40
2017;9;31;executivo;25800;40
2017;9;34;junior;1950;30
2017;9;36;junior;1950;30
2017;9;38;operacional;1662;40
2017;9;39;operacional;1050;20
2017;9;40;operacional;1560;30
2017;10;1;operacional;1365;30
2017;10;2;junior;3000;40
2017;10;4;operacional;1960;40
2017;10;5;operacional;1715;40
2017;10;8;junior;2600;40
2017;10;10;operacional;1365;30
2017;10;11;operacional;1820;40
2017;10;12;executivo;25800;40
2017;10;15;operacional;1560;30
2017;10;18;junior;2600;40
2017;10;20;operacional;1365;30
2017;10;21;operacional;2080;40
2017;10;22;operacional;1680;30
2017;10;24;executivo;24080;40
2017;10;25;operacional;1820;40
2017;10;27;operacional;1715;40
2017;10;30;pleno;3900;40
2017;10;31;executivo;25800;40
2017;10;34;junior;1950;30
2017;10;36;junior;1950;30
2017;10;38;operacional;1662;40
2017;10;39;operacional;1050;20
2017;10;40;operacional;1560;30
2017;11;1;operacional;1365;30
2017;11;2;junior;3000;40
2017;11;4;operacional;1960;40
2017;11;5;operacional;1715;40
2017;11;8;junior;2600;40
2017;11;10;operacional;1365;30
2017;11;11;operacional;1820;40
2017;11;12;executivo;25800;40
2017;11;15;operacional;1560;30
2017;11;18;junior;2600;40
2017;11;20;operacional;1365;30
2017;11;21;operacional;2080;40
2017;11;22;operacional;1680;30
2017;11;24;executivo;24080;40
2017;11;25;operacional;1820;40
2017;11;27;operacional;1715;40
2017;11;30;pleno;3900;40
2017;11;31;executivo;25800;40
2017;11;34;junior;1950;30
2017;11;36;junior;1950;30
2017;11;38;operacional;1662;40
2017;11;39;operacional;1050;20
2017;11;40;operacional;1560;30
2017;12;1;operacional;1365;30
2017;12;2;junior;3000;40
2017;12;4;operacional;1960;40
2017;12;5;operacional;1715;40
2017;12;8;junior;2600;40
2017;12;10;operacional;1365;30
2017;12;11;operacional;2080;40
2017;12;12;executivo;25800;40
2017;12;15;operacional;1560;30
2017;12;18;junior;2600;40
2017;12;20;operacional;1365;30
2017;12;21;operacional;2080;40
2017;12;22;operacional;1680;30
2017;12;24;executivo;24080;40
2017;12;25;operacional;1820;40
2017;12;27;operacional;1715;40
2017;12;30;pleno;3900;40
2017;12;31;executivo;25800;40
2017;12;34;junior;1950;30
2017;12;36;junior;1950;30
2017;12;38;operacional;1662;40
2017;12;39;operacional;1050;20
2017;12;40;operacional;1560;30
2018;1;1;operacional;1365;30
2018;1;2;junior;3000;40
2018;1;4;operacional;1960;40
2018;1;5;operacional;1715;40
2018;1;8;junior;2600;40
2018;1;10;operacional;1365;30
2018;1;11;operacional;2080;40
2018;1;12;executivo;25800;40
2018;1;15;operacional;1560;30
2018;1;16;operacional;1715;40
2018;1;18;junior;2600;40
2018;1;20;operacional;1365;30
2018;1;21;operacional;2080;40
2018;1;22;operacional;1680;30
2018;1;24;executivo;24080;40
2018;1;25;operacional;1820;40
2018;1;27;operacional;1715;40
2018;1;30;pleno;3900;40
2018;1;31;executivo;25800;40
2018;1;32;operacional;1820;40
2018;1;34;junior;1950;30
2018;1;35;operacional;1365;30
2018;1;36;junior;1950;30
2018;1;38;operacional;1662;40
2018;1;39;operacional;1050;20
2018;1;40;operacional;1560;30
2018;2;1;operacional;1365;30
2018;2;2;junior;3000;40
2018;2;4;operacional;1960;40
2018;2;5;operacional;1715;40
2018;2;8;junior;2600;40
2018;2;10;operacional;1365;30
2018;2;11;operacional;2080;40
2018;2;12;executivo;25800;40
2018;2;15;operacional;1560;30
2018;2;16;operacional;1715;40
2018;2;18;junior;2600;40
2018;2;20;operacional;1365;30
2018;2;21;operacional;2080;40
2018;2;22;operacional;1680;30
2018;2;24;executivo;24080;40
2018;2;25;operacional;1820;40
2018;2;27;operacional;1715;40
2018;2;30;pleno;3900;40
2018;2;31;executivo;25800;40
2018;2;32;operacional;1820;40
2018;2;34;junior;1950;30
2018;2;35;operacional;1365;30
2018;2;36;junior;1950;30
2018;2;38;operacional;1662;40
2018;2;39;operacional;1050;20
2018;2;40;operacional;1560;30
2018;3;1;operacional;1365;30
2018;3;2;junior;3000;40
2018;3;4;operacional;1960;40
2018;3;5;operacional;1715;40
2018;3;8;junior;2600;40
2018;3;10;operacional;1365;30
2018;3;11;operacional;2080;40
2018;3;12;executivo;25800;40
2018;3;15;operacional;1560;30
2018;3;16;operacional;1715;40
2018;3;18;junior;2600;40
2018;3;20;operacional;1365;30
2018;3;21;operacional;2080;40
2018;3;22;operacional;1680;30
2018;3;24;executivo;24080;40
2018;3;25;operacional;1820;40
2018;3;27;operacional;1715;40
2018;3;30;pleno;3900;40
2018;3;31;executivo;25800;40
2018;3;32;operacional;1820;40
2018;3;34;junior;1950;30
2018;3;35;operacional;1365;30
2018;3;36;junior;1950;30
2018;3;38;operacional;1662;40
2018;3;39;operacional;1050;20
2018;3;40;operacional;1560;30
2018;4;1;operacional;1365;30
2018;4;2;junior;3000;40
2018;4;4;operacional;1960;40
2018;4;5;operacional;1715;40
2018;4;8;junior;2600;40
2018;4;10;operacional;1365;30
2018;4;11;operacional;2080;40
2018;4;12;executivo;25800;40
2018;4;15;operacional;1560;30
2018;4;16;operacional;1715;40
2018;4;18;junior;2600;40
2018;4;20;operacional;1365;30
2018;4;21;operacional;2080;40
2018;4;22;operacional;1680;30
2018;4;24;executivo;24080;40
2018;4;25;operacional;1820;40
2018;4;27;operacional;1715;40
2018;4;30;pleno;3900;40
2018;4;31;executivo;25800;40
2018;4;32;operacional;1820;40
2018;4;34;junior;1950;30
2018;4;35;operacional;1365;30
2018;4;36;junior;1950;30
2018;4;38;operacional;1662;40
2018;4;39;operacional;1050;20
2018;4;40;operacional;1560;30
2018;5;1;operacional;1560;30
2018;5;2;junior;3000;40
2018;5;4;operacional;1960;40
2018;5;5;operacional;1715;40
2018;5;8;junior;2600;40
2018;5;10;operacional;1365;30
2018;5;11;operacional;2080;40
2018;5;12;executivo;25800;40
2018;5;15;operacional;1560;30
2018;5;16;operacional;1715;40
2018;5;18;junior;2600;40
2018;5;20;operacional;1365;30
2018;5;21;operacional;2080;40
2018;5;22;junior;2100;30
2018;5;24;executivo;24080;40
2018;5;25;operacional;1820;40
2018;5;27;operacional;1715;40
2018;5;30;pleno;3900;40
2018;5;31;executivo;25800;40
2018;5;32;operacional;1820;40
2018;5;34;junior;1950;30
2018;5;35;operacional;1365;30
2018;5;36;junior;1950;30
2018;5;38;operacional;1662;40
2018;5;39;operacional;1050;20
2018;5;40;operacional;1560;30
2018;6;1;operacional;1560;30
2018;6;2;junior;3000;40
2018;6;4;operacional;1960;40
2018;6;5;operacional;1715;40
2018;6;8;junior;2600;40
2018;6;10;operacional;1365;30
2018;6;11;operacional;2080;40
2018;6;12;executivo;25800;40
2018;6;15;operacional;1560;30
2018;6;16;operacional;1715;40
2018;6;18;junior;2600;40
2018;6;20;operacional;1365;30
2018;6;21;operacional;2080;40
2018;6;22;junior;2100;30
2018;6;24;executivo;24080;40
2018;6;25;operacional;1820;40
2018;6;27;operacional;1715;40
2018;6;30;pleno;3900;40
2018;6;31;executivo;25800;40
2018;6;32;operacional;1820;40
2018;6;34;junior;1950;30
2018;6;35;operacional;1365;30
2018;6;36;junior;1950;30
2018;6;38;operacional;1662;40
2018;6;39;operacional;1050;20
2018;6;40;operacional;1560;30
2018;7;1;operacional;1560;30
2018;7;2;pleno;4500;40
2018;7;4;operacional;2240;40
2018;7;5;operacional;1715;40
2018;7;8;junior;2600;40
2018;7;10;operacional;1365;30
2018;7;11;operacional;2080;40
2018;7;12;executivo;25800;40
2018;7;15;operacional;1560;30
2018;7;16;operacional;1715;40
2018;7;18;junior;2600;40
2018;7;20;operacional;1365;30
2018;7;21;operacional;2080;40
2018;7;22;junior;2100;30
2018;7;24;executivo;24080;40
2018;7;25;operacional;1820;40
2018;7;27;operacional;1715;40
2018;7;30;pleno;3900;40
2018;7;31;executivo;25800;40
2018;7;32;operacional;1820;40
2018;7;34;junior;1950;30
2018;7;35;operacional;1365;30
2018;7;36;junior;1950;30
2018;7;38;operacional;1662;40
2018;7;39;operacional;1200;20
2018;7;40;operacional;1560;30
2018;8;1;operacional;1560;30
2018;8;2;pleno;4500;40
2018;8;4;operacional;2240;40
2018;8;5;operacional;1715;40
2018;8;8;pleno;3900;40
2018;8;10;operacional;1365;30
2018;8;11;operacional;2080;40
2018;8;12;executivo;25800;40
2018;8;15;junior;1950;30
2018;8;16;operacional;1715;40
2018;8;18;junior;2600;40
2018;8;20;operacional;1365;30
2018;8;21;operacional;2080;40
2018;8;22;junior;2100;30
2018;8;24;executivo;24080;40
2018;8;25;operacional;1820;40
2018;8;27;operacional;1715;40
2018;8;30;pleno;3900;40
2018;8;31;executivo;25800;40
2018;8;32;operacional;1820;40
2018;8;34;junior;1950;30
2018;8;35;operacional;1365;30
2018;8;36;junior;1950;30
2018;8;38;operacional;1662;40
2018;8;39;operacional;1200;20
2018;8;40;operacional;1560;30
2018;9;1;operacional;1560;30
2018;9;2;pleno;4500;40
2018;9;4;operacional;2240;40
2018;9;5;operacional;1715;40
2018;9;8;pleno;3900;40
2018;9;10;operacional;1365;30
2018;9;11;operacional;2080;40
2018;9;12;executivo;25800;40
2018;9;15;junior;1950;30
2018;9;16;operacional;1715;40
2018;9;18;junior;2600;40
2018;9;20;operacional;1365;30
2018;9;21;operacional;2080;40
2018;9;22;junior;2100;30
2018;9;24;executivo;24080;40
2018;9;25;operacional;1820;40
2018;9;27;operacional;1715;40
2018;9;30;pleno;3900;40
2018;9;31;executivo;25800;40
2018;9;32;operacional;1820;40
2018;9;34;junior;1950;30
2018;9;35;operacional;1365;30
2018;9;36;junior;1950;30
2018;9;38;operacional;1662;40
2018;9;39;operacional;1200;20
2018;9;40;operacional;1560;30
2018;10;1;operacional;1560;30
2018;10;2;pleno;4500;40
2018;10;4;operacional;2240;40
2018;10;5;operacional;1715;40
2018;10;8;pleno;3900;40
2018;10;10;operacional;1365;30
2018;10;11;operacional;2080;40
2018;10;12;executivo;25800;40
2018;10;15;junior;1950;30
2018;10;16;operacional;1715;40
2018;10;18;junior;2600;40
2018;10;20;operacional;1365;30
2018;10;21;junior;2600;40
2018;10;22;junior;2100;30
2018;10;24;executivo;24080;40
2018;10;25;operacional;1820;40
2018;10;27;operacional;1715;40
2018;10;30;pleno;3900;40
2018;10;31;executivo;25800;40
2018;10;32;operacional;1820;40
2018;10;34;junior;1950;30
2018;10;35;operacional;1365;30
2018;10;36;junior;1950;30
2018;10;38;operacional;1662;40
2018;10;39;operacional;1200;20
2018;10;40;operacional;1560;30
2018;11;1;operacional;1560;30
2018;11;2;pleno;4500;40
2018;11;4;operacional;2240;40
2018;11;5;operacional;1715;40
2018;11;8;pleno;3900;40
2018;11;10;operacional;1365;30
2018;11;11;operacional;2080;40
2018;11;12;executivo;25800;40
2018;11;15;junior;1950;30
2018;11;16;operacional;1715;40
2018;11;18;junior;2600;40
2018;11;20;operacional;1365;30
2018;11;21;junior;2600;40
2018;11;22;junior;2100;30
2018;11;24;executivo;24080;40
2018;11;25;operacional;1820;40
2018;11;27;operacional;1715;40
2018;11;30;pleno;3900;40
2018;11;31;executivo;25800;40
2018;11;32;operacional;1820;40
2018;11;34;pleno;2925;30
2018;11;35;operacional;1365;30
2018;11;36;junior;1950;30
2018;11;38;operacional;1662;40
2018;11;39;operacional;1200;20
2018;11;40;operacional;1560;30
2018;12;1;operacional;1560;30
2018;12;2;pleno;4500;40
2018;12;4;operacional;2240;40
2018;12;5;operacional;1960;40
2018;12;8;pleno;3900;40
2018;12;10;operacional;1365;30
2018;12;11;operacional;2080;40
2018;12;12;executivo;25800;40
2018;12;15;junior;1950;30
2018;12;16;operacional;1715;40
2018;12;18;junior;2600;40
2018;12;20;operacional;1365;30
2018;12;21;junior;2600;40
2018;12;22;junior;2100;30
2018;12;24;executivo;24080;40
2018;12;25;operacional;2080;40
2018;12;27;operacional;1715;40
2018;12;30;pleno;3900;40
2018;12;31;executivo;25800;40
2018;12;32;operacional;1820;40
2018;12;34;pleno;2925;30
2018;12;35;operacional;1365;30
2018;12;36;junior;1950;30
2018;12;38;operacional;1662;40
2018;12;39;operacional;1200;20
2018;12;40;operacional;1560;30
2019;1;1;operacional;1560;30
2019;1;2;pleno;4500;40
2019;1;4;operacional;2240;40
2019;1;5;operacional;1960;40
2019;1;6;operacional;1365;30
2019;1;8;pleno;3900;40
2019;1;10;operacional;1365;30
2019;1;11;operacional;2080;40
2019;1;12;executivo;25800;40
2019;1;15;junior;1950;30
2019;1;16;operacional;1715;40
2019;1;17;operacional;1715;40
2019;1;18;junior;2600;40
2019;1;19;operacional;1365;30
2019;1;20;operacional;1365;30
2019;1;21;junior;2600;40
2019;1;22;junior;2100;30
2019;1;23;operacional;1820;40
2019;1;24;executivo;24080;40
2019;1;25;operacional;2080;40
2019;1;27;operacional;1715;40
2019;1;29;operacional;1662;40
2019;1;30;pleno;3900;40
2019;1;31;executivo;25800;40
2019;1;32;operacional;1820;40
2019;1;34;pleno;2925;30
2019;1;35;operacional;1365;30
2019;1;36;junior;1950;30
2019;1;38;operacional;1662;40
2019;1;39;operacional;1200;20
2019;1;40;operacional;1560;30
2019;2;1;operacional;1560;30
2019;2;2;pleno;4500;40
2019;2;4;operacional;2240;40
2019;2;5;operacional;1960;40
2019;2;6;operacional;1365;30
2019;2;8;pleno;3900;40
2019;2;10;operacional;1365;30
2019;2;11;operacional;2080;40
2019;2;12;executivo;25800;40
2019;2;15;junior;1950;30
2019;2;16;operacional;1715;40
2019;2;17;operacional;1715;40
2019;2;18;junior;2600;40
2019;2;19;operacional;1365;30
2019;2;20;operacional;1365;30
2019;2;21;junior;2600;40
2019;2;22;junior;2100;30
2019;2;23;operacional;1820;40
2019;2;24;executivo;24080;40
2019;2;25;operacional;2080;40
2019;2;27;operacional;1715;40
2019;2;29;operacional;1662;40
2019;2;30;pleno;3900;40
2019;2;31;executivo;25800;40
2019;2;32;operacional;1820;40
2019;2;34;pleno;2925;30
2019;2;35;operacional;1365;30
2019;2;36;junior;1950;30
2019;2;38;operacional;1662;40
2019;2;39;operacional;1200;20
2019;2;40;operacional;1560;30
2019;3;1;operacional;1560;30
2019;3;2;pleno;4500;40
2019;3;4;operacional;2240;40
2019;3;5;operacional;1960;40
2019;3;6;operacional;1365;30
2019;3;8;pleno;3900;40
2019;3;10;operacional;1365;30
2019;3;11;operacional;2080;40
2019;3;12;executivo;25800;40
2019;3;15;junior;1950;30
2019;3;16;operacional;1715;40
2019;3;17;operacional;1715;40
2019;3;18;junior;2600;40
2019;3;19;operacional;1365;30
2019;3;20;operacional;1365;30
2019;3;21;junior;2600;40
2019;3;22;junior;2100;30
2019;3;23;operacional;1820;40
2019;3;24;executivo;24080;40
2019;3;25;operacional;2080;40
2019;3;27;operacional;1715;40
2019;3;29;operacional;1662;40
2019;3;30;pleno;3900;40
2019;3;31;executivo;25800;40
2019;3;32;operacional;1820;40
2019;3;34;pleno;2925;30
2019;3;35;operacional;1365;30
2019;3;36;junior;1950;30
2019;3;38;operacional;1662;40
2019;3;39;operacional;1200;20
2019;3;40;operacional;1560;30
2019;4;1;operacional;1560;30
2019;4;2;pleno;4500;40
2019;4;4;operacional;2240;40
2019;4;5;operacional;1960;40
2019;4;6;operacional;1365;30
2019;4;8;pleno;3900;40
2019;4;10;operacional;1365;30
2019;4;11;operacional;2080;40
2019;4;12;executivo;25800;40
2019;4;15;junior;1950;30
2019;4;16;operacional;1715;40
2019;4;17;operacional;1715;40
2019;4;18;junior;2600;40
2019;4;19;operacional;1365;30
2019;4;20;operacional;1365;30
2019;4;21;junior;2600;40
2019;4;22;junior;2100;30
2019;4;23;operacional;1820;40
2019;4;24;executivo;24080;40
2019;4;25;operacional;2080;40
2019;4;27;operacional;1715;40
2019;4;29;operacional;1662;40
2019;4;30;pleno;3900;40
2019;4;31;executivo;25800;40
2019;4;32;operacional;1820;40
2019;4;34;pleno;2925;30
2019;4;35;operacional;1365;30
2019;4;36;junior;1950;30
2019;4;38;operacional;1662;40
2019;4;39;operacional;1200;20
2019;4;40;operacional;1560;30
2019;5;1;operacional;1560;30
2019;5;2;pleno;4500;40
2019;5;4;operacional;2240;40
2019;5;5;operacional;1960;40
2019;5;6;operacional;1365;30
2019;5;8;pleno;3900;40
2019;5;10;operacional;1365;30
2019;5;11;operacional;2080;40
2019;5;12;executivo;25800;40
2019;5;15;junior;1950;30
2019;5;16;operacional;1715;40
2019;5;17;operacional;1715;40
2019;5;18;junior;2600;40
2019;5;19;operacional;1365;30
2019;5;20;operacional;1560;30
2019;5;21;junior;2600;40
2019;5;22;junior;2100;30
2019;5;23;operacional;1820;40
2019;5;24;executivo;24080;40
2019;5;25;operacional;2080;40
2019;5;27;operacional;1715;40
2019;5;29;operacional;1662;40
2019;5;30;pleno;3900;40
2019;5;31;executivo;25800;40
2019;5;32;operacional;1820;40
2019;5;34;pleno;2925;30
2019;5;35;operacional;1365;30
2019;5;36;junior;1950;30
2019;5;38;operacional;1662;40
2019;5;39;operacional;1200;20
2019;5;40;operacional;1560;30
2019;6;1;operacional;1560;30
2019;6;2;pleno;4500;40
2019;6;4;operacional;2240;40
2019;6;5;operacional;1960;40
2019;6;6;operacional;1365;30
2019;6;8;pleno;3900;40
2019;6;10;operacional;1365;30
2019;6;11;operacional;2080;40
2019;6;12;executivo;25800;40
2019;6;15;junior;1950;30
2019;6;16;operacional;1715;40
2019;6;17;operacional;1715;40
2019;6;18;junior;2600;40
2019;6;19;operacional;1365;30
2019;6;20;operacional;1560;30
2019;6;21;junior;2600;40
2019;6;22;junior;2100;30
2019;6;23;operacional;1820;40
2019;6;24;executivo;24080;40
2019;6;25;operacional;2080;40
2019;6;27;operacional;1715;40
2019;6;29;operacional;1662;40
2019;6;30;senior;5720;40
2019;6;31;executivo;25800;40
2019;6;32;operacional;1820;40
2019;6;34;pleno;2925;30
2019;6;35;operacional;1365;30
2019;6;36;junior;1950;30
2019;6;38;operacional;1662;40
2019;6;39;operacional;1200;20
2019;6;40;operacional;1560;30
2019;7;1;operacional;1560;30
2019;7;2;pleno;4500;40
2019;7;4;operacional;2240;40
2019;7;5;operacional;1960;40
2019;7;6;operacional;1365;30
2019;7;8;pleno;3900;40
2019;7;10;operacional;1560;30
2019;7;11;operacional;2080;40
2019;7;12;executivo;25800;40
2019;7;15;junior;1950;30
2019;7;16;operacional;1715;40
2019;7;17;operacional;1715;40
2019;7;18;junior;2600;40
2019;7;19;operacional;1365;30
2019;7;20;operacional;1560;30
2019;7;21;junior;2600;40
2019;7;22;junior;2100;30
2019;7;23;operacional;1820;40
2019;7;24;executivo;24080;40
2019;7;25;operacional;2080;40
2019;7;27;operacional;1715;40
2019;7;29;operacional;1662;40
2019;7;30;senior;5720;40
2019;7;31;executivo;25800;40
2019;7;32;operacional;1820;40
2019;7;34;pleno;2925;30
2019;7;35;operacional;1365;30
2019;7;36;junior;1950;30
2019;7;38;operacional;1662;40
2019;7;39;operacional;1200;20
2019;7;40;operacional;1560;30
2019;8;1;operacional;1560;30
2019;8;2;pleno;4500;40
2019;8;4;operacional;2240;40
2019;8;5;operacional;1960;40
2019;8;6;operacional;1365;30
2019;8;8;pleno;3900;40
2019;8;10;operacional;1560;30
2019;8;11;operacional;2080;40
2019;8;12;executivo;25800;40
2019;8;15;junior;1950;30
2019;8;16;operacional;1715;40
2019;8;17;operacional;1715;40
2019;8;18;pleno;3900;40
2019;8;19;operacional;1365;30
2019;8;20;operacional;1560;30
2019;8;21;junior;2600;40
2019;8;22;junior;2100;30
2019;8;23;operacional;1820;40
2019;8;24;executivo;24080;40
2019;8;25;operacional;2080;40
2019;8;27;operacional;1715;40
2019;8;29;operacional;1662;40
2019;8;30;senior;5720;40
2019;8;31;executivo;25800;40
2019;8;32;operacional;1820;40
2019;8;34;pleno;2925;30
2019;8;35;operacional;1365;30
2019;8;36;junior;1950;30
2019;8;38;operacional;1662;40
2019;8;39;operacional;1200;20
2019;8;40;junior;1950;30
2019;9;1;operacional;1560;30
2019;9;2;senior;6600;40
2019;9;4;operacional;2240;40
2019;9;5;operacional;1960;40
2019;9;6;operacional;1365;30
2019;9;8;pleno;3900;40
2019;9;10;operacional;1560;30
2019;9;11;operacional;2080;40
2019;9;12;executivo;25800;40
2019;9;15;junior;1950;30
2019;9;16;operacional;1715;40
2019;9;17;operacional;1715;40
2019;9;18;pleno;3900;40
2019;9;19;operacional;1365;30
2019;9;20;operacional;1560;30
2019;9;21;junior;2600;40
2019;9;22;junior;2100;30
2019;9;23;operacional;1820;40
2019;9;24;executivo;24080;40
2019;9;25;operacional;2080;40
2019;9;27;operacional;1960;40
2019;9;29;operacional;1662;40
2019;9;30;senior;5720;40
2019;9;31;executivo;25800;40
2019;9;32;operacional;1820;40
2019;9;34;pleno;2925;30
2019;9;35;operacional;1365;30
2019;9;36;junior;1950;30
2019;9;38;operacional;1662;40
2019;9;39;operacional;1200;20
2019;9;40;junior;1950;30
2019;10;1;operacional;1560;30
2019;10;2;senior;6600;40
2019;10;4;operacional;2240;40
2019;10;5;operacional;1960;40
2019;10;6;operacional;1365;30
2019;10;8;pleno;3900;40
2019;10;10;operacional;1560;30
2019;10;11;junior;2600;40
2019;10;12;executivo;25800;40
2019;10;15;junior;1950;30
2019;10;16;operacional;1715;40
2019;10;17;operacional;1715;40
2019;10;18;pleno;3900;40
2019;10;19;operacional;1365;30
2019;10;20;operacional;1560;30
2019;10;21;junior;2600;40
2019;10;22;junior;2100;30
2019;10;23;operacional;1820;40
2019;10;24;executivo;24080;40
2019;10;25;operacional;2080;40
2019;10;27;operacional;1960;40
2019;10;29;operacional;1662;40
2019;10;30;senior;5720;40
2019;10;31;executivo;25800;40
2019;10;32;operacional;1820;40
2019;10;34;pleno;2925;30
2019;10;35;operacional;1365;30
2019;10;36;junior;1950;30
2019;10;38;operacional;1662;40
2019;10;39;operacional;1200;20
2019;10;40;junior;1950;30
2019;11;1;operacional;1560;30
2019;11;2;senior;6600;40
2019;11;4;operacional;2240;40
2019;11;5;operacional;1960;40
2019;11;6;operacional;1365;30
2019;11;8;pleno;3900;40
2019;11;10;operacional;1560;30
2019;11;11;junior;2600;40
2019;11;12;executivo;25800;40
2019;11;15;junior;1950;30
2019;11;16;operacional;1715;40
2019;11;17;operacional;1715;40
2019;11;18;pleno;3900;40
2019;11;19;operacional;1365;30
2019;11;20;operacional;1560;30
2019;11;21;junior;2600;40
2019;11;22;junior;2100;30
2019;11;23;operacional;1820;40
2019;11;24;executivo;24080;40
2019;11;25;operacional;2080;40
2019;11;27;operacional;1960;40
2019;11;29;operacional;1662;40
2019;11;30;senior;5720;40
2019;11;31;executivo;25800;40
2019;11;32;operacional;1820;40
2019;11;34;pleno;2925;30
2019;11;35;operacional;1365;30
2019;11;36;pleno;2925;30
2019;11;38;operacional;1662;40
2019;11;39;operacional;1200;20
2019;11;40;junior;1950;30
2019;12;1;operacional;1560;30
2019;12;2;senior;6600;40
2019;12;4;operacional;2240;40
2019;12;5;operacional;1960;40
2019;12;6;operacional;1365;30
2019;12;8;pleno;3900;40
2019;12;10;operacional;1560;30
2019;12;11;junior;2600;40
2019;12;12;executivo;25800;40
2019;12;15;junior;1950;30
2019;12;16;operacional;1715;40
2019;12;17;operacional;1715;40
2019;12;18;pleno;3900;40
2019;12;19;operacional;1365;30
2019;12;20;operacional;1560;30
2019;12;21;junior;2600;40
2019;12;22;junior;2100;30
2019;12;23;operacional;1820;40
2019;12;24;executivo;24080;40
2019;12;25;operacional;2080;40
2019;12;27;operacional;1960;40
2019;12;29;operacional;1662;40
2019;12;30;senior;5720;40
2019;12;31;executivo;25800;40
2019;12;32;operacional;2080;40
2019;12;34;pleno;2925;30
2019;12;35;operacional;1365;30
2019;12;36;pleno;2925;30
2019;12;38;operacional;1662;40
2019;12;39;operacional;1200;20
2019;12;40;junior;1950;30
2020;1;1;operacional;1560;30
2020;1;2;senior;6600;40
2020;1;3;operacional;1715;40
2020;1;4;junior;2800;40
2020;1;5;operacional;1960;40
2020;1;6;operacional;1365;30
2020;1;8;pleno;3900;40
2020;1;10;operacional;1560;30
2020;1;11;junior;2600;40
2020;1;12;executivo;25800;40
2020;1;13;operacional;1365;30
2020;1;15;junior;1950;30
2020;1;16;operacional;1715;40
2020;1;17;operacional;1715;40
2020;1;18;pleno;3900;40
2020;1;19;operacional;1365;30
2020;1;20;operacional;1560;30
2020;1;21;junior;2600;40
2020;1;22;junior;2100;30
2020;1;23;operacional;1820;40
2020;1;24;executivo;24080;40
2020;1;25;operacional;2080;40
2020;1;27;operacional;1960;40
2020;1;29;operacional;1662;40
2020;1;30;senior;5720;40
2020;1;31;executivo;25800;40
2020;1;32;operacional;2080;40
2020;1;34;pleno;2925;30
2020;1;35;operacional;1365;30
2020;1;36;pleno;2925;30
2020;1;37;operacional;1820;40
2020;1;38;operacional;1662;40
2020;1;39;operacional;1200;20
2020;1;40;junior;1950;30
2020;2;1;operacional;1560;30
2020;2;2;senior;6600;40
2020;2;3;operacional;1715;40
2020;2;4;junior;2800;40
2020;2;5;operacional;1960;40
2020;2;6;operacional;1365;30
2020;2;8;pleno;3900;40
2020;2;10;operacional;1560;30
2020;2;11;junior;2600;40
2020;2;12;executivo;25800;40
2020;2;13;operacional;1365;30
2020;2;15;junior;1950;30
2020;2;16;operacional;1715;40
2020;2;17;operacional;1715;40
2020;2;18;pleno;3900;40
2020;2;19;operacional;1365;30
2020;2;20;operacional;1560;30
2020;2;21;junior;2600;40
2020;2;22;junior;2100;30
2020;2;23;operacional;1820;40
2020;2;24;executivo;24080;40
2020;2;25;operacional;2080;40
2020;2;27;operacional;1960;40
2020;2;29;operacional;1662;40
2020;2;30;senior;5720;40
2020;2;31;executivo;25800;40
2020;2;32;operacional;2080;40
2020;2;34;pleno;2925;30
2020;2;35;operacional;1365;30
2020;2;36;pleno;2925;30
2020;2;37;operacional;1820;40
2020;2;38;operacional;1662;40
2020;2;39;operacional;1200;20
2020;2;40;junior;1950;30
2020;3;1;operacional;1560;30
2020;3;2;senior;6600;40
2020;3;3;operacional;1715;40
2020;3;4;junior;2800;40
2020;3;5;operacional;1960;40
2020;3;6;operacional;1365;30
2020;3;8;pleno;3900;40
2020;3;10;operacional;1560;30
2020;3;11;junior;2600;40
2020;3;12;executivo;25800;40
2020;3;13;operacional;1365;30
2020;3;15;junior;1950;30
2020;3;16;operacional;1715;40
2020;3;17;operacional;1715;40
2020;3;18;pleno;3900;40
2020;3;19;operacional;1365;30
2020;3;20;operacional;1560;30
2020;3;21;junior;2600;40
2020;3;22;junior;2100;30
2020;3;23;operacional;1820;40
2020;3;24;executivo;24080;40
2020;3;25;operacional;2080;40
2020;3;27;operacional;1960;40
2020;3;29;operacional;1662;40
2020;3;30;senior;5720;40
2020;3;31;executivo;25800;40
2020;3;32;operacional;2080;40
2020;3;34;pleno;2925;30
2020;3;35;operacional;1365;30
2020;3;36;pleno;2925;30
2020;3;37;operacional;1820;40
2020;3;38;operacional;1662;40
2020;3;39;operacional;1200;20
2020;3;40;junior;1950;30
2020;4;1;operacional;1560;30
2020;4;2;senior;6600;40
2020;4;3;operacional;1715;40
2020;4;4;junior;2800;40
2020;4;5;operacional;1960;40
2020;4;6;operacional;1365;30
2020;4;8;pleno;3900;40
2020;4;10;operacional;1560;30
2020;4;11;junior;2600;40
2020;4;12;executivo;25800;40
2020;4;13;operacional;1365;30
2020;4;15;junior;1950;30
2020;4;16;operacional;1715;40
2020;4;17;operacional;1715;40
2020;4;18;pleno;3900;40
2020;4;19;operacional;1365;30
2020;4;20;operacional;1560;30
2020;4;21;junior;2600;40
2020;4;22;junior;2100;30
2020;4;23;operacional;1820;40
2020;4;24;executivo;24080;40
2020;4;25;operacional;2080;40
2020;4;27;operacional;1960;40
2020;4;29;operacional;1662;40
2020;4;30;senior;5720;40
2020;4;31;executivo;25800;40
2020;4;32;operacional;2080;40
2020;4;34;pleno;2925;30
2020;4;35;operacional;1365;30
2020;4;36;pleno;2925;30
2020;4;37;operacional;1820;40
2020;4;38;operacional;1662;40
2020;4;39;operacional;1200;20
2020;4;40;junior;1950;30
2020;5;1;operacional;1560;30
2020;5;2;senior;6600;40
2020;5;3;operacional;1715;40
2020;5;4;junior;2800;40
2020;5;5;operacional;1960;40
2020;5;6;operacional;1365;30
2020;5;8;pleno;3900;40
2020;5;10;operacional;1560;30
2020;5;11;junior;2600;40
2020;5;12;executivo;25800;40
2020;5;13;operacional;1365;30
2020;5;15;junior;1950;30
2020;5;16;operacional;1715;40
2020;5;17;operacional;1715;40
2020;5;18;pleno;3900;40
2020;5;19;operacional;1365;30
2020;5;20;operacional;1560;30
2020;5;21;junior;2600;40
2020;5;22;junior;2100;30
2020;5;23;operacional;1820;40
2020;5;24;executivo;24080;40
2020;5;25;operacional;2080;40
2020;5;27;operacional;1960;40
2020;5;29;operacional;1662;40
2020;5;30;senior;5720;40
2020;5;31;executivo;25800;40
2020;5;32;operacional;2080;40
2020;5;34;pleno;2925;30
2020;5;35;operacional;1560;30
2020;5;36;pleno;2925;30
2020;5;37;operacional;1820;40
2020;5;38;operacional;1662;40
2020;5;39;operacional;1200;20
2020;5;40;junior;1950;30
2020;6;1;operacional;1560;30
2020;6;2;senior;6600;40
2020;6;3;operacional;1715;40
2020;6;4;junior;2800;40
2020;6;5;operacional;1960;40
2020;6;6;operacional;1365;30
2020;6;8;senior;5720;40
2020;6;10;operacional;1560;30
2020;6;11;junior;2600;40
2020;6;12;executivo;25800;40
2020;6;13;operacional;1365;30
2020;6;15;junior;1950;30
2020;6;16;operacional;1715;40
2020;6;17;operacional;1715;40
2020;6;18;pleno;3900;40
2020;6;19;operacional;1365;30
2020;6;20;operacional;1560;30
2020;6;21;junior;2600;40
2020;6;22;pleno;3150;30
2020;6;23;operacional;1820;40
2020;6;24;executivo;24080;40
2020;6;25;operacional;2080;40
2020;6;27;operacional;1960;40
2020;6;29;operacional;1662;40
2020;6;30;senior;5720;40
2020;6;31;executivo;25800;40
2020;6;32;operacional;2080;40
2020;6;34;pleno;2925;30
2020;6;35;operacional;1560;30
2020;6;36;pleno;2925;30
2020;6;37;operacional;1820;40
2020;6;38;operacional;1662;40
2020;6;39;operacional;1200;20
2020;6;40;junior;1950;30
2020;7;1;operacional;1560;30
2020;7;2;senior;6600;40
2020;7;3;operacional;1715;40
2020;7;4;junior;2800;40
2020;7;5;operacional;1960;40
2020;7;6;operacional;1365;30
2020;7;8;senior;5720;40
2020;7;10;operacional;1560;30
2020;7;11;junior;2600;40
2020;7;12;executivo;25800;40
2020;7;13;operacional;1365;30
2020;7;15;junior;1950;30
2020;7;16;operacional;1715;40
2020;7;17;operacional;1715;40
2020;7;18;pleno;3900;40
2020;7;19;operacional;1365;30
2020;7;20;operacional;1560;30
2020;7;21;junior;2600;40
2020;7;22;pleno;3150;30
2020;7;23;operacional;1820;40
2020;7;24;executivo;24080;40
2020;7;25;operacional;2080;40
2020;7;27;operacional;1960;40
2020;7;29;operacional;1662;40
2020;7;30;senior;5720;40
2020;7;31;executivo;25800;40
2020;7;32;operacional;2080;40
2020;7;34;pleno;2925;30
2020;7;35;operacional;1560;30
2020;7;36;pleno;2925;30
2020;7;37;operacional;1820;40
2020;7;38;operacional;1662;40
2020;7;39;operacional;1200;20
2020;7;40;junior;1950;30
2020;8;1;junior;1950;30
2020;8;2;senior;6600;40
2020;8;3;operacional;1715;40
2020;8;4;junior;2800;40
2020;8;5;operacional;1960;40
2020;8;6;operacional;1365;30
2020;8;8;senior;5720;40
2020;8;10;operacional;1560;30
2020;8;11;junior;2600;40
2020;8;12;executivo;25800;40
2020;8;13;operacional;1365;30
2020;8;15;junior;1950;30
2020;8;16;operacional;1715;40
2020;8;17;operacional;1715;40
2020;8;18;pleno;3900;40
2020;8;19;operacional;1365;30
2020;8;20;operacional;1560;30
2020;8;21;pleno;3900;40
2020;8;22;pleno;3150;30
2020;8;23;operacional;1820;40
2020;8;24;executivo;24080;40
2020;8;25;operacional;2080;40
2020;8;27;operacional;1960;40
2020;8;29;operacional;1662;40
2020;8;30;senior;5720;40
2020;8;31;executivo;25800;40
2020;8;32;operacional;2080;40
2020;8;34;pleno;2925;30
2020;8;35;operacional;1560;30
2020;8;36;pleno;2925;30
2020;8;37;operacional;1820;40
2020;8;38;operacional;1662;40
2020;8;39;operacional;1200;20
2020;8;40;junior;1950;30
2020;9;1;junior;1950;30
2020;9;2;senior;6600;40
2020;9;3;operacional;1715;40
2020;9;4;junior;2800;40
2020;9;5;operacional;1960;40
2020;9;6;operacional;1365;30
2020;9;8;senior;5720;40
2020;9;10;operacional;1560;30
2020;9;11;junior;2600;40
2020;9;12;executivo;25800;40
2020;9;13;operacional;1365;30
2020;9;15;junior;1950;30
2020;9;16;operacional;1715;40
2020;9;17;operacional;1715;40
2020;9;18;pleno;3900;40
2020;9;19;operacional;1365;30
2020;9;20;operacional;1560;30
2020;9;21;pleno;3900;40
2020;9;22;pleno;3150;30
2020;9;23;operacional;1820;40
2020;9;24;executivo;24080;40
2020;9;25;operacional;2080;40
2020;9;27;operacional;1960;40
2020;9;29;operacional;1662;40
2020;9;30;senior;5720;40
2020;9;31;executivo;25800;40
2020;9;32;operacional;2080;40
2020;9;34;pleno;2925;30
2020;9;35;operacional;1560;30
2020;9;36;pleno;2925;30
2020;9;37;operacional;1820;40
2020;9;38;operacional;1662;40
2020;9;39;operacional;1200;20
2020;9;40;junior;1950;30
2020;10;1;junior;1950;30
2020;10;2;senior;6600;40
2020;10;3;operacional;1715;40
2020;10;4;junior;2800;40
2020;10;5;operacional;1960;40
2020;10;6;operacional;1365;30
2020;10;8;senior;5720;40
2020;10;10;operacional;1560;30
2020;10;11;junior;2600;40
2020;10;12;executivo;25800;40
2020;10;13;operacional;1365;30
2020;10;15;junior;1950;30
2020;10;16;operacional;1715;40
2020;10;17;operacional;1715;40
2020;10;18;pleno;3900;40
2020;10;19;operacional;1365;30
2020;10;20;operacional;1560;30
2020;10;21;pleno;3900;40
2020;10;22;pleno;3150;30
2020;10;23;operacional;1820;40
2020;10;24;executivo;24080;40
2020;10;25;junior;2600;40
2020;10;27;operacional;1960;40
2020;10;29;operacional;1662;40
2020;10;30;senior;5720;40
2020;10;31;executivo;25800;40
2020;10;32;operacional;2080;40
2020;10;34;pleno;2925;30
2020;10;35;operacional;1560;30
2020;10;36;pleno;2925;30
2020;10;37;operacional;1820;40
2020;10;38;operacional;1900;40
2020;10;39;operacional;1200;20
2020;10;40;junior;1950;30
2020;11;1;junior;1950;30
2020;11;2;lideranca;7800;40
2020;11;3;operacional;1715;40
2020;11;4;junior;2800;40
2020;11;5;operacional;1960;40
2020;11;6;operacional;1365;30
2020;11;8;senior;5720;40
2020;11;10;operacional;1560;30
2020;11;11;junior;2600;40
2020;11;12;executivo;25800;40
2020;11;13;operacional;1365;30
2020;11;15;pleno;2925;30
2020;11;16;operacional;1715;40
2020;11;17;operacional;1715;40
2020;11;18;pleno;3900;40
2020;11;19;operacional;1365;30
2020;11;20;operacional;1560;30
2020;11;21;pleno;3900;40
2020;11;22;pleno;3150;30
2020;11;23;operacional;1820;40
2020;11;24;executivo;24080;40
2020;11;25;junior;2600;40
2020;11;27;operacional;1960;40
2020;11;29;operacional;1662;40
2020;11;30;senior;5720;40
2020;11;31;executivo;25800;40
2020;11;32;operacional;2080;40
2020;11;34;pleno;2925;30
2020;11;35;operacional;1560;30
2020;11;36;pleno;2925;30
2020;11;37;operacional;1820;40
2020;11;38;operacional;1900;40
2020;11;39;operacional;1200;20
2020;11;40;junior;1950;30
2020;12;1;junior;1950;30
2020;12;2;lideranca;7800;40
2020;12;3;operacional;1715;40
2020;12;4;junior;2800;40
2020;12;5;operacional;1960;40
2020;12;6;operacional;1365;30
2020;12;8;senior;5720;40
2020;12;10;operacional;1560;30
2020;12;11;junior;2600;40
2020;12;12;executivo;25800;40
2020;12;13;operacional;1365;30
2020;12;15;pleno;2925;30
2020;12;16;operacional;1960;40
2020;12;17;operacional;1715;40
2020;12;18;pleno;3900;40
2020;12;19;operacional;1365;30
2020;12;20;operacional;1560;30
2020;12;21;pleno;3900;40
2020;12;22;pleno;3150;30
2020;12;23;operacional;2080;40
2020;12;24;executivo;24080;40
2020;12;25;junior;2600;40
2020;12;27;operacional;1960;40
2020;12;29;operacional;1662;40
2020;12;30;senior;5720;40
2020;12;31;executivo;25800;40
2020;12;32;operacional;2080;40
2020;12;34;pleno;2925;30
2020;12;35;operacional;1560;30
2020;12;36;pleno;2925;30
2020;12;37;operacional;1820;40
2020;12;38;operacional;1900;40
2020;12;39;junior;1500;20
2020;12;40;junior;1950;30
2021;1;1;junior;1950;30
2021;1;2;lideranca;7800;40
2021;1;3;operacional;1715;40
2021;1;4;junior;2800;40
2021;1;5;operacional;1960;40
2021;1;6;operacional;1365;30
2021;1;7;operacional;1715;40
2021;1;8;senior;5720;40
2021;1;9;operacional;1365;30
2021;1;10;operacional;1560;30
2021;1;11;junior;2600;40
2021;1;12;executivo;25800;40
2021;1;13;operacional;1365;30
2021;1;14;operacional;1820;40
2021;1;15;pleno;2925;30
2021;1;16;operacional;1960;40
2021;1;17;operacional;1715;40
2021;1;18;pleno;3900;40
2021;1;19;operacional;1365;30
2021;1;20;operacional;1560;30
2021;1;21;pleno;3900;40
2021;1;22;pleno;3150;30
2021;1;23;operacional;2080;40
2021;1;24;executivo;24080;40
2021;1;25;junior;2600;40
2021;1;26;operacional;1662;40
2021;1;27;operacional;1960;40
2021;1;29;operacional;1662;40
2021;1;30;senior;5720;40
2021;1;31;executivo;25800;40
2021;1;32;operacional;2080;40
2021;1;34;pleno;2925;30
2021;1;35;operacional;1560;30
2021;1;36;pleno;2925;30
2021;1;37;operacional;1820;40
2021;1;38;operacional;1900;40
2021;1;39;junior;1500;20
2021;1;40;junior;1950;30
2021;2;1;junior;1950;30
2021;2;2;lideranca;7800;40
2021;2;3;operacional;1715;40
2021;2;4;junior;2800;40
2021;2;5;operacional;1960;40
2021;2;6;operacional;1365;30
2021;2;7;operacional;1715;40
2021;2;8;senior;5720;40
2021;2;9;operacional;1365;30
2021;2;10;operacional;1560;30
2021;2;11;junior;2600;40
2021;2;12;executivo;25800;40
2021;2;13;operacional;1365;30
2021;2;14;operacional;1820;40
2021;2;15;pleno;2925;30
2021;2;16;operacional;1960;40
2021;2;17;operacional;1715;40
2021;2;18;pleno;3900;40
2021;2;19;operacional;1365;30
2021;2;20;operacional;1560;30
2021;2;21;pleno;3900;40
2021;2;22;pleno;3150;30
2021;2;23;operacional;2080;40
2021;2;24;executivo;24080;40
2021;2;25;junior;2600;40
2021;2;26;operacional;1662;40
2021;2;27;operacional;1960;40
2021;2;29;operacional;1662;40
2021;2;30;senior;5720;40
2021;2;31;executivo;25800;40
2021;2;32;operacional;2080;40
2021;2;34;pleno;2925;30
2021;2;35;operacional;1560;30
2021;2;36;pleno;2925;30
2021;2;37;operacional;1820;40
2021;2;38;operacional;1900;40
2021;2;39;junior;1500;20
2021;2;40;junior;1950;30
2021;3;1;junior;1950;30
2021;3;2;lideranca;7800;40
2021;3;3;operacional;1715;40
2021;3;4;junior;2800;40
2021;3;5;operacional;1960;40
2021;3;6;operacional;1365;30
2021;3;7;operacional;1715;40
2021;3;8;senior;5720;40
2021;3;9;operacional;1365;30
2021;3;10;operacional;1560;30
2021;3;11;junior;2600;40
2021;3;12;executivo;25800;40
2021;3;13;operacional;1365;30
2021;3;14;operacional;1820;40
2021;3;15;pleno;2925;30
2021;3;16;operacional;1960;40
2021;3;17;operacional;1715;40
2021;3;18;pleno;3900;40
2021;3;19;operacional;1365;30
2021;3;20;operacional;1560;30
2021;3;21;pleno;3900;40
2021;3;22;pleno;3150;30
2021;3;23;operacional;2080;40
2021;3;24;executivo;24080;40
2021;3;25;junior;2600;40
2021;3;26;operacional;1662;40
2021;3;27;operacional;1960;40
2021;3;29;operacional;1662;40
2021;3;30;senior;5720;40
2021;3;31;executivo;25800;40
2021;3;32;operacional;2080;40
2021;3;34;senior;4290;30
2021;3;35;operacional;1560;30
2021;3;36;pleno;2925;30
2021;3;37;operacional;1820;40
2021;3;38;operacional;1900;40
2021;3;39;junior;1500;20
2021;3;40;junior;1950;30
2021;4;1;junior;1950;30
2021;4;2;lideranca;7800;40
2021;4;3;operacional;1715;40
2021;4;4;junior;2800;40
2021;4;5;operacional;1960;40
2021;4;6;operacional;1365;30
2021;4;7;operacional;1715;40
2021;4;8;senior;5720;40
2021;4;9;operacional;1365;30
2021;4;10;operacional;1560;30
2021;4;11;junior;2600;40
2021;4;12;executivo;25800;40
2021;4;13;operacional;1365;30
2021;4;14;operacional;1820;40
2021;4;15;pleno;2925;30
2021;4;16;operacional;1960;40
2021;4;17;operacional;1715;40
2021;4;18;pleno;3900;40
2021;4;19;operacional;1365;30
2021;4;20;operacional;1560;30
2021;4;21;pleno;3900;40
2021;4;22;pleno;3150;30
2021;4;23;operacional;2080;40
2021;4;24;executivo;24080;40
2021;4;25;junior;2600;40
2021;4;26;operacional;1662;40
2021;4;27;operacional;1960;40
2021;4;29;operacional;1662;40
2021;4;30;senior;5720;40
2021;4;31;executivo;25800;40
2021;4;32;operacional;2080;40
2021;4;34;senior;4290;30
2021;4;35;operacional;1560;30
2021;4;36;pleno;2925;30
2021;4;37;operacional;1820;40
2021;4;38;operacional;1900;40
2021;4;39;junior;1500;20
2021;4;40;junior;1950;30
2021;5;1;junior;1950;30
2021;5;2;lideranca;7800;40
2021;5;3;operacional;1715;40
2021;5;4;junior;2800;40
2021;5;5;operacional;1960;40
2021;5;6;operacional;1560;30
2021;5;7;operacional;1715;40
2021;5;8;senior;5720;40
2021;5;9;operacional;1365;30
2021;5;10;operacional;1560;30
2021;5;11;junior;2600;40
2021;5;12;executivo;25800;40
2021;5;13;operacional;1365;30
2021;5;14;operacional;1820;40
2021;5;15;pleno;2925;30
2021;5;16;operacional;1960;40
2021;5;17;operacional;1715;40
2021;5;18;pleno;3900;40
2021;5;19;operacional;1560;30
2021;5;20;operacional;1560;30
2021;5;21;pleno;3900;40
2021;5;22;pleno;3150;30
2021;5;23;operacional;2080;40
2021;5;24;executivo;24080;40
2021;5;25;junior;2600;40
2021;5;26;operacional;1662;40
2021;5;27;operacional;1960;40
2021;5;29;operacional;1662;40
2021;5;30;lideranca;6760;40
2021;5;31;executivo;25800;40
2021;5;32;operacional;2080;40
2021;5;34;senior;4290;30
2021;5;35;operacional;1560;30
2021;5;36;pleno;2925;30
2021;5;37;operacional;1820;40
2021;5;38;operacional;1900;40
2021;5;39;junior;1500;20
2021;5;40;junior;1950;30
2021;6;1;junior;1950;30
2021;6;2;lideranca;7800;40
2021;6;3;operacional;1715;40
2021;6;4;junior;2800;40
2021;6;5;operacional;1960;40
2021;6;6;operacional;1560;30
2021;6;7;operacional;1715;40
2021;6;8;senior;5720;40
2021;6;9;operacional;1365;30
2021;6;10;operacional;1560;30
2021;6;11;junior;2600;40
2021;6;12;executivo;25800;40
2021;6;13;operacional;1365;30
2021;6;14;operacional;1820;40
2021;6;15;pleno;2925;30
2021;6;16;operacional;1960;40
2021;6;17;operacional;1715;40
2021;6;18;senior;5720;40
2021;6;19;operacional;1560;30
2021;6;20;operacional;1560;30
2021;6;21;pleno;3900;40
2021;6;22;pleno;3150;30
2021;6;23;operacional;2080;40
2021;6;24;executivo;24080;40
2021;6;25;junior;2600;40
2021;6;26;operacional;1662;40
2021;6;27;operacional;1960;40
2021;6;29;operacional;1662;40
2021;6;30;lideranca;6760;40
2021;6;31;executivo;25800;40
2021;6;32;operacional;2080;40
2021;6;34;senior;4290;30
2021;6;35;operacional;1560;30
2021;6;36;pleno;2925;30
2021;6;37;operacional;1820;40
2021;6;38;operacional;1900;40
2021;6;39;junior;1500;20
2021;6;40;junior;1950;30
2021;7;1;junior;1950;30
2021;7;2;lideranca;7800;40
2021;7;3;operacional;1715;40
2021;7;4;pleno;4200;40
2021;7;5;operacional;1960;40
2021;7;6;operacional;1560;30
2021;7;7;operacional;1715;40
2021;7;8;senior;5720;40
2021;7;9;operacional;1365;30
2021;7;10;operacional;1560;30
2021;7;11;junior;2600;40
2021;7;12;executivo;25800;40
2021;7;13;operacional;1365;30
2021;7;14;operacional;1820;40
2021;7;15;pleno;2925;30
2021;7;16;operacional;1960;40
2021;7;17;operacional;1715;40
2021;7;18;senior;5720;40
2021;7;19;operacional;1560;30
2021;7;20;operacional;1560;30
2021;7;21;pleno;3900;40
2021;7;22;pleno;3150;30
2021;7;23;operacional;2080;40
2021;7;24;executivo;24080;40
2021;7;25;junior;2600;40
2021;7;26;operacional;1662;40
2021;7;27;operacional;1960;40
2021;7;29;operacional;1662;40
2021;7;30;lideranca;6760;40
2021;7;31;executivo;25800;40
2021;7;32;operacional;2080;40
2021;7;34;senior;4290;30
2021;7;35;operacional;1560;30
2021;7;36;pleno;2925;30
2021;7;37;operacional;1820;40
2021;7;38;operacional;1900;40
2021;7;39;junior;1500;20
2021;7;40;junior;1950;30
2021;8;1;junior;1950;30
2021;8;2;lideranca;7800;40
2021;8;3;operacional;1715;40
2021;8;4;pleno;4200;40
2021;8;5;operacional;1960;40
2021;8;6;operacional;1560;30
2021;8;7;operacional;1715;40
2021;8;8;senior;5720;40
2021;8;9;operacional;1365;30
2021;8;10;operacional;1560;30
2021;8;11;pleno;3900;40
2021;8;12;executivo;25800;40
2021;8;13;operacional;1365;30
2021;8;14;operacional;1820;40
2021;8;15;pleno;2925;30
2021;8;16;operacional;1960;40
2021;8;17;operacional;1715;40
2021;8;18;senior;5720;40
2021;8;19;operacional;1560;30
2021;8;20;junior;1950;30
2021;8;21;pleno;3900;40
2021;8;22;pleno;3150;30
2021;8;23;operacional;2080;40
2021;8;24;executivo;24080;40
2021;8;25;junior;2600;40
2021;8;26;operacional;1662;40
2021;8;27;operacional;1960;40
2021;8;29;operacional;1662;40
2021;8;30;lideranca;6760;40
2021;8;31;executivo;25800;40
2021;8;32;operacional;2080;40
2021;8;34;senior;4290;30
2021;8;35;operacional;1560;30
2021;8;36;pleno;2925;30
2021;8;37;operacional;1820;40
2021;8;38;operacional;1900;40
2021;8;39;junior;1500;20
2021;8;40;junior;1950;30
2021;9;1;junior;1950;30
2021;9;2;lideranca;7800;40
2021;9;3;operacional;1715;40
2021;9;4;pleno;4200;40
2021;9;5;operacional;1960;40
2021;9;6;operacional;1560;30
2021;9;7;operacional;1715;40
2021;9;8;senior;5720;40
2021;9;9;operacional;1365;30
2021;9;10;operacional;1560;30
2021;9;11;pleno;3900;40
2021;9;12;executivo;25800;40
2021;9;13;operacional;1365;30
2021;9;14;operacional;1820;40
2021;9;15;pleno;2925;30
2021;9;16;operacional;1960;40
2021;9;17;operacional;1960;40
2021;9;18;senior;5720;40
2021;9;19;operacional;1560;30
2021;9;20;junior;1950;30
2021;9;21;pleno;3900;40
2021;9;22;pleno;3150;30
2021;9;23;operacional;2080;40
2021;9;24;executivo;24080;40
2021;9;25;junior;2600;40
2021;9;26;operacional;1662;40
2021;9;27;operacional;1960;40
2021;9;29;operacional;1662;40
2021;9;30;lideranca;6760;40
2021;9;31;executivo;25800;40
2021;9;32;operacional;2080;40
2021;9;34;senior;4290;30
2021;9;35;operacional;1560;30
2021;9;36;pleno;2925;30
2021;9;37;operacional;1820;40
2021;9;38;operacional;1900;40
2021;9;39;junior;1500;20
2021;9;40;junior;1950;30
2021;10;1;junior;1950;30
2021;10;2;lideranca;7800;40
2021;10;3;operacional;1715;40
2021;10;4;pleno;4200;40
2021;10;5;junior;2450;40
2021;10;6;operacional;1560;30
2021;10;7;operacional;1715;40
2021;10;8;senior;5720;40
2021;10;9;operacional;1365;30
2021;10;10;operacional;1560;30
2021;10;11;pleno;3900;40
2021;10;12;executivo;25800;40
2021;10;13;operacional;1365;30
2021;10;14;operacional;1820;40
2021;10;15;pleno;2925;30
2021;10;16;operacional;1960;40
2021;10;17;operacional;1960;40
2021;10;18;senior;5720;40
2021;10;19;operacional;1560;30
2021;10;20;junior;1950;30
2021;10;21;pleno;3900;40
2021;10;22;pleno;3150;30
2021;10;23;operacional;2080;40
2021;10;24;executivo;24080;40
2021;10;25;junior;2600;40
2021;10;26;operacional;1662;40
2021;10;27;operacional;1960;40
2021;10;29;operacional;1662;40
2021;10;30;lideranca;6760;40
2021;10;31;executivo;25800;40
2021;10;32;junior;2600;40
2021;10;34;senior;4290;30
2021;10;35;operacional;1560;30
2021;10;36;pleno;2925;30
2021;10;37;operacional;1820;40
2021;10;38;operacional;1900;40
2021;10;39;junior;1500;20
2021;10;40;junior;1950;30
2021;11;1;junior;1950;30
2021;11;2;lideranca;7800;40
2021;11;3;operacional;1715;40
2021;11;4;pleno;4200;40
2021;11;5;junior;2450;40
2021;11;6;operacional;1560;30
2021;11;7;operacional;1715;40
2021;11;8;senior;5720;40
2021;11;9;operacional;1365;30
2021;11;10;operacional;1560;30
2021;11;11;pleno;3900;40
2021;11;12;executivo;25800;40
2021;11;13;operacional;1365;30
2021;11;14;operacional;1820;40
2021;11;15;pleno;2925;30
2021;11;16;operacional;1960;40
2021;11;17;operacional;1960;40
2021;11;18;senior;5720;40
2021;11;19;operacional;1560;30
2021;11;20;junior;1950;30
2021;11;21;pleno;3900;40
2021;11;22;pleno;3150;30
2021;11;23;operacional;2080;40
2021;11;24;executivo;24080;40
2021;11;25;junior;2600;40
2021;11;26;operacional;1662;40
2021;11;27;operacional;1960;40
2021;11;29;operacional;1662;40
2021;11;30;lideranca;6760;40
2021;11;31;executivo;25800;40
2021;11;32;junior;2600;40
2021;11;34;senior;4290;30
2021;11;35;operacional;1560;30
2021;11;36;pleno;2925;30
2021;11;37;operacional;1820;40
2021;11;38;operacional;1900;40
2021;11;39;junior;1500;20
2021;11;40;pleno;2925;30
2021;12;1;junior;1950;30
2021;12;2;lideranca;7800;40
2021;12;3;operacional;1715;40
2021;12;4;pleno;4200;40
2021;12;5;junior;2450;40
2021;12;6;operacional;1560;30
2021;12;7;operacional;1715;40
2021;12;8;senior;5720;40
2021;12;9;operacional;1365;30
2021;12;10;operacional;1560;30
2021;12;11;pleno;3900;40
2021;12;12;executivo;25800;40
2021;12;13;operacional;1365;30
2021;12;14;operacional;1820;40
2021;12;15;pleno;2925;30
2021;12;16;operacional;1960;40
2021;12;17;operacional;1960;40
2021;12;18;senior;5720;40
2021;12;19;operacional;1560;30
2021;12;20;junior;1950;30
2021;12;21;pleno;3900;40
2021;12;22;pleno;3150;30
2021;12;23;operacional;2080;40
2021;12;24;executivo;24080;40
2021;12;25;junior;2600;40
2021;12;26;operacional;1662;40
2021;12;27;operacional;1960;40
2021;12;29;operacional;1662;40
2021;12;30;lideranca;6760;40
2021;12;31;executivo;25800;40
2021;12;32;junior;2600;40
2021;12;34;senior;4290;30
2021;12;35;operacional;1560;30
2021;12;36;pleno;2925;30
2021;12;37;operacional;2080;40
2021;12;38;operacional;1900;40
2021;12;39;junior;1500;20
2021;12;40;pleno;2925;30
2022;1;1;junior;1950;30
2022;1;2;gerencial;10800;40
2022;1;3;operacional;1715;40
2022;1;4;pleno;4200;40
2022;1;5;junior;2450;40
2022;1;6;operacional;1560;30
2022;1;7;operacional;1715;40
2022;1;8;senior;5720;40
2022;1;9;operacional;1365;30
2022;1;10;junior;1950;30
2022;1;11;pleno;3900;40
2022;1;12;executivo;25800;40
2022;1;13;operacional;1365;30
2022;1;14;operacional;1820;40
2022;1;15;pleno;2925;30
2022;1;16;operacional;1960;40
2022;1;17;operacional;1960;40
2022;1;18;senior;5720;40
2022;1;19;operacional;1560;30
2022;1;20;junior;1950;30
2022;1;21;pleno;3900;40
2022;1;22;pleno;3150;30
2022;1;23;operacional;2080;40
2022;1;24;executivo;24080;40
2022;1;25;junior;2600;40
2022;1;26;operacional;1662;40
2022;1;27;operacional;1960;40
2022;1;28;operacional;1365;30
2022;1;29;operacional;1662;40
2022;1;30;lideranca;6760;40
2022;1;31;executivo;25800;40
2022;1;32;junior;2600;40
2022;1;33;operacional;1820;40
2022;1;34;senior;4290;30
2022;1;35;operacional;1560;30
2022;1;36;pleno;2925;30
2022;1;37;operacional;2080;40
2022;1;38;operacional;1900;40
2022;1;39;junior;1500;20
2022;1;40;pleno;2925;30
2022;2;1;junior;1950;30
2022;2;2;gerencial;10800;40
2022;2;3;operacional;1715;40
2022;2;4;pleno;4200;40
2022;2;5;junior;2450;40
2022;2;6;operacional;1560;30
2022;2;7;operacional;1715;40
2022;2;8;senior;5720;40
2022;2;9;operacional;1365;30
2022;2;10;junior;1950;30
2022;2;11;pleno;3900;40
2022;2;12;executivo;25800;40
2022;2;13;operacional;1365;30
2022;2;14;operacional;1820;40
2022;2;15;pleno;2925;30
2022;2;16;operacional;1960;40
2022;2;17;operacional;1960;40
2022;2;18;senior;5720;40
2022;2;19;operacional;1560;30
2022;2;20;junior;1950;30
2022;2;21;pleno;3900;40
2022;2;22;pleno;3150;30
2022;2;23;operacional;2080;40
2022;2;24;executivo;24080;40
2022;2;25;junior;2600;40
2022;2;26;operacional;1662;40
2022;2;27;operacional;1960;40
2022;2;28;operacional;1365;30
2022;2;29;operacional;1662;40
2022;2;30;lideranca;6760;40
2022;2;31;executivo;25800;40
2022;2;32;junior;2600;40
2022;2;33;operacional;1820;40
2022;2;34;senior;4290;30
2022;2;35;operacional;1560;30
2022;2;36;pleno;2925;30
2022;2;37;operacional;2080;40
2022;2;38;operacional;1900;40
2022;2;39;junior;1500;20
2022;2;40;pleno;2925;30
2022;3;1;junior;1950;30
2022;3;2;gerencial;10800;40
2022;3;3;operacional;1715;40
2022;3;4;pleno;4200;40
2022;3;5;junior;2450;40
2022;3;6;operacional;1560;30
2022;3;7;operacional;1715;40
2022;3;8;senior;5720;40
2022;3;9;operacional;1365;30
2022;3;10;junior;1950;30
2022;3;11;pleno;3900;40
2022;3;12;executivo;25800;40
2022;3;13;operacional;1365;30
2022;3;14;operacional;1820;40
2022;3;15;pleno;2925;30
2022;3;16;operacional;1960;40
2022;3;17;operacional;1960;40
2022;3;18;senior;5720;40
2022;3;19;operacional;1560;30
2022;3;20;junior;1950;30
2022;3;21;pleno;3900;40
2022;3;22;pleno;3150;30
2022;3;23;operacional;2080;40
2022;3;24;executivo;24080;40
2022;3;25;junior;2600;40
2022;3;26;operacional;1662;40
2022;3;27;operacional;1960;40
2022;3;28;operacional;1365;30
2022;3;29;operacional;1662;40
2022;3;30;lideranca;6760;40
2022;3;31;executivo;25800;40
2022;3;32;junior;2600;40
2022;3;33;operacional;1820;40
2022;3;34;senior;4290;30
2022;3;35;operacional;1560;30
2022;3;36;senior;4290;30
2022;3;37;operacional;2080;40
2022;3;38;operacional;1900;40
2022;3;39;junior;1500;20
2022;3;40;pleno;2925;30
2022;4;1;junior;1950;30
2022;4;2;gerencial;10800;40
2022;4;3;operacional;1715;40
2022;4;4;pleno;4200;40
2022;4;5;junior;2450;40
2022;4;6;operacional;1560;30
2022;4;7;operacional;1715;40
2022;4;8;senior;5720;40
2022;4;9;operacional;1365;30
2022;4;10;junior;1950;30
2022;4;11;pleno;3900;40
2022;4;12;executivo;25800;40
2022;4;13;operacional;1365;30
2022;4;14;operacional;1820;40
2022;4;15;pleno;2925;30
2022;4;16;operacional;1960;40
2022;4;17;operacional;1960;40
2022;4;18;senior;5720;40
2022;4;19;operacional;1560;30
2022;4;20;junior;1950;30
2022;4;21;pleno;3900;40
2022;4;22;pleno;3150;30
2022;4;23;operacional;2080;40
2022;4;24;executivo;24080;40
2022;4;25;junior;2600;40
2022;4;26;operacional;1662;40
2022;4;27;operacional;1960;40
2022;4;28;operacional;1365;30
2022;4;29;operacional;1662;40
2022;4;30;lideranca;6760;40
2022;4;31;executivo;25800;40
2022;4;32;junior;2600;40
2022;4;33;operacional;1820;40
2022;4;34;senior;4290;30
2022;4;35;operacional;1560;30
2022;4;36;senior;4290;30
2022;4;37;operacional;2080;40
2022;4;38;operacional;1900;40
2022;4;39;junior;1500;20
2022;4;40;pleno;2925;30
2022;5;1;junior;1950;30
2022;5;2;gerencial;10800;40
2022;5;3;operacional;1715;40
2022;5;4;pleno;4200;40
2022;5;5;junior;2450;40
2022;5;6;operacional;1560;30
2022;5;7;operacional;1715;40
2022;5;8;lideranca;6760;40
2022;5;9;operacional;1365;30
2022;5;10;junior;1950;30
2022;5;11;pleno;3900;40
2022;5;12;executivo;25800;40
2022;5;13;operacional;1560;30
2022;5;14;operacional;1820;40
2022;5;15;pleno;2925;30
2022;5;16;operacional;1960;40
2022;5;17;operacional;1960;40
2022;5;18;senior;5720;40
2022;5;19;operacional;1560;30
2022;5;20;junior;1950;30
2022;5;21;pleno;3900;40
2022;5;22;pleno;3150;30
2022;5;23;operacional;2080;40
2022;5;24;executivo;24080;40
2022;5;25;junior;2600;40
2022;5;26;operacional;1662;40
2022;5;27;junior;2450;40
2022;5;28;operacional;1365;30
2022;5;29;operacional;1662;40
2022;5;30;lideranca;6760;40
2022;5;31;executivo;25800;40
2022;5;32;junior;2600;40
2022;5;33;operacional;1820;40
2022;5;34;senior;4290;30
2022;5;35;operacional;1560;30
2022;5;36;senior;4290;30
2022;5;37;operacional;2080;40
2022;5;38;operacional;1900;40
2022;5;39;junior;1500;20
2022;5;40;pleno;2925;30
2022;6;1;junior;1950;30
2022;6;2;gerencial;10800;40
2022;6;3;operacional;1715;40
2022;6;4;pleno;4200;40
2022;6;5;junior;2450;40
2022;6;6;operacional;1560;30
2022;6;7;operacional;1715;40
2022;6;8;lideranca;6760;40
2022;6;9;operacional;1365;30
2022;6;10;junior;1950;30
2022;6;11;pleno;3900;40
2022;6;12;executivo;25800;40
2022;6;13;operacional;1560;30
2022;6;14;operacional;1820;40
2022;6;15;pleno;2925;30
2022;6;16;operacional;1960;40
2022;6;17;operacional;1960;40
2022;6;18;senior;5720;40
2022;6;19;operacional;1560;30
2022;6;20;junior;1950;30
2022;6;21;senior;5720;40
2022;6;22;pleno;3150;30
2022;6;23;operacional;2080;40
2022;6;24;executivo;24080;40
2022;6;25;junior;2600;40
2022;6;26;operacional;1662;40
2022;6;27;junior;2450;40
2022;6;28;operacional;1365;30
2022;6;29;operacional;1662;40
2022;6;30;lideranca;6760;40
2022;6;31;executivo;25800;40
2022;6;32;junior;2600;40
2022;6;33;operacional;1820;40
2022;6;34;senior;4290;30
2022;6;35;operacional;1560;30
2022;6;36;senior;4290;30
2022;6;37;operacional;2080;40
2022;6;38;operacional;1900;40
2022;6;39;junior;1500;20
2022;6;40;pleno;2925;30
2022;7;1;junior;1950;30
2022;7;2;gerencial;10800;40
2022;7;3;operacional;1715;40
2022;7;4;pleno;4200;40
2022;7;5;junior;2450;40
2022;7;6;operacional;1560;30
2022;7;7;operacional;1715;40
2022;7;8;lideranca;6760;40
2022;7;9;operacional;1365;30
2022;7;10;junior;1950;30
2022;7;11;pleno;3900;40
2022;7;12;executivo;25800;40
2022;7;13;operacional;1560;30
2022;7;14;operacional;1820;40
2022;7;15;pleno;2925;30
2022;7;16;operacional;1960;40
2022;7;17;operacional;1960;40
2022;7;18;senior;5720;40
2022;7;19;operacional;1560;30
2022;7;20;junior;1950;30
2022;7;21;senior;5720;40
2022;7;22;pleno;3150;30
2022;7;23;operacional;2080;40
2022;7;24;executivo;24080;40
2022;7;25;junior;2600;40
2022;7;26;operacional;1662;40
2022;7;27;junior;2450;40
2022;7;28;operacional;1365;30
2022;7;29;operacional;1662;40
2022;7;30;lideranca;6760;40
2022;7;31;executivo;25800;40
2022;7;32;junior;2600;40
2022;7;33;operacional;1820;40
2022;7;34;senior;4290;30
2022;7;35;operacional;1560;30
2022;7;36;senior;4290;30
2022;7;37;operacional;2080;40
2022;7;38;operacional;1900;40
2022;7;39;junior;1500;20
2022;7;40;pleno;2925;30
2022;8;1;junior;1950;30
2022;8;2;gerencial;10800;40
2022;8;3;operacional;1715;40
2022;8;4;pleno;4200;40
2022;8;5;junior;2450;40
2022;8;6;operacional;1560;30
2022;8;7;operacional;1715;40
2022;8;8;lideranca;6760;40
2022;8;9;operacional;1365;30
2022;8;10;junior;1950;30
2022;8;11;pleno;3900;40
2022;8;12;executivo;25800;40
2022;8;13;operacional;1560;30
2022;8;14;operacional;1820;40
2022;8;15;pleno;2925;30
2022;8;16;operacional;1960;40
2022;8;17;operacional;1960;40
2022;8;18;senior;5720;40
2022;8;19;operacional;1560;30
2022;8;20;junior;1950;30
2022;8;21;senior;5720;40
2022;8;22;senior;4620;30
2022;8;23;operacional;2080;40
2022;8;24;executivo;24080;40
2022;8;25;pleno;3900;40
2022;8;26;operacional;1662;40
2022;8;27;junior;2450;40
2022;8;28;operacional;1365;30
2022;8;29;operacional;1662;40
2022;8;30;lideranca;6760;40
2022;8;31;executivo;25800;40
2022;8;32;junior;2600;40
2022;8;33;operacional;1820;40
2022;8;34;senior;4290;30
2022;8;35;junior;1950;30
2022;8;36;senior;4290;30
2022;8;37;operacional;2080;40
2022;8;38;operacional;1900;40
2022;8;39;junior;1500;20
2022;8;40;pleno;2925;30
2022;9;1;junior;1950;30
2022;9;2;gerencial;10800;40
2022;9;3;operacional;1715;40
2022;9;4;pleno;4200;40
2022;9;5;junior;2450;40
2022;9;6;operacional;1560;30
2022;9;7;operacional;1715;40
2022;9;8;lideranca;6760;40
2022;9;9;operacional;1365;30
2022;9;10;junior;1950;30
2022;9;11;pleno;3900;40
2022;9;12;executivo;25800;40
2022;9;13;operacional;1560;30
2022;9;14;operacional;1820;40
2022;9;15;pleno;2925;30
2022;9;16;operacional;1960;40
2022;9;17;operacional;1960;40
2022;9;18;senior;5720;40
2022;9;19;operacional;1560;30
2022;9;20;junior;1950;30
2022;9;21;senior;5720;40
2022;9;22;senior;4620;30
2022;9;23;operacional;2080;40
2022;9;24;executivo;24080;40
2022;9;25;pleno;3900;40
2022;9;26;operacional;1662;40
2022;9;27;junior;2450;40
2022;9;28;operacional;1365;30
2022;9;29;operacional;1662;40
2022;9;30;lideranca;6760;40
2022;9;31;executivo;25800;40
2022;9;32;junior;2600;40
2022;9;33;operacional;1820;40
2022;9;34;senior;4290;30
2022;9;35;junior;1950;30
2022;9;36;senior;4290;30
2022;9;37;operacional;2080;40
2022;9;38;operacional;1900;40
2022;9;39;junior;1500;20
2022;9;40;pleno;2925;30
2022;10;1;junior;1950;30
2022;10;2;gerencial;10800;40
2022;10;3;operacional;1715;40
2022;10;4;pleno;4200;40
2022;10;5;junior;2450;40
2022;10;6;operacional;1560;30
2022;10;7;operacional;1715;40
2022;10;8;lideranca;6760;40
2022;10;9;operacional;1365;30
2022;10;10;junior;1950;30
2022;10;11;pleno;3900;40
2022;10;12;executivo;25800;40
2022;10;13;operacional;1560;30
2022;10;14;operacional;1820;40
2022;10;15;pleno;2925;30
2022;10;16;operacional;1960;40
2022;10;17;operacional;1960;40
2022;10;18;senior;5720;40
2022;10;19;operacional;1560;30
2022;10;20;junior;1950;30
2022;10;21;senior;5720;40
2022;10;22;senior;4620;30
2022;10;23;junior;2600;40
2022;10;24;executivo;24080;40
2022;10;25;pleno;3900;40
2022;10;26;operacional;1662;40
2022;10;27;junior;2450;40
2022;10;28;operacional;1365;30
2022;10;29;operacional;1900;40
2022;10;30;lideranca;6760;40
2022;10;31;executivo;25800;40
2022;10;32;junior;2600;40
2022;10;33;operacional;1820;40
2022;10;34;senior;4290;30
2022;10;35;junior;1950;30
2022;10;36;senior;4290;30
2022;10;37;operacional;2080;40
2022;10;38;operacional;1900;40
2022;10;39;junior;1500;20
2022;10;40;pleno;2925;30
2022;11;1;pleno;2925;30
2022;11;2;gerencial;10800;40
2022;11;3;operacional;1715;40
2022;11;4;pleno;4200;40
2022;11;5;junior;2450;40
2022;11;6;operacional;1560;30
2022;11;7;operacional;1715;40
2022;11;8;lideranca;6760;40
2022;11;9;operacional;1365;30
2022;11;10;junior;1950;30
2022;11;11;pleno;3900;40
2022;11;12;executivo;25800;40
2022;11;13;operacional;1560;30
2022;11;14;operacional;1820;40
2022;11;15;pleno;2925;30
2022;11;16;operacional;1960;40
2022;11;17;operacional;1960;40
2022;11;18;senior;5720;40
2022;11;19;operacional;1560;30
2022;11;20;junior;1950;30
2022;11;21;senior;5720;40
2022;11;22;senior;4620;30
2022;11;23;junior;2600;40
2022;11;24;executivo;24080;40
2022;11;25;pleno;3900;40
2022;11;26;operacional;1662;40
2022;11;27;junior;2450;40
2022;11;28;operacional;1365;30
2022;11;29;operacional;1900;40
2022;11;30;lideranca;6760;40
2022;11;31;executivo;25800;40
2022;11;32;junior;2600;40
2022;11;33;operacional;1820;40
2022;11;34;senior;4290;30
2022;11;35;junior;1950;30
2022;11;36;senior;4290;30
2022;11;37;operacional;2080;40
2022;11;38;operacional;1900;40
2022;11;39;junior;1500;20
2022;11;40;pleno;2925;30
2022;12;1;pleno;2925;30
2022;12;2;gerencial;10800;40
2022;12;3;operacional;1960;40
2022;12;4;pleno;4200;40
2022;12;5;junior;2450;40
2022;12;6;operacional;1560;30
2022;12;7;operacional;1715;40
2022;12;8;lideranca;6760;40
2022;12;9;operacional;1365;30
2022;12;10;junior;1950;30
2022;12;11;pleno;3900;40
2022;12;12;executivo;25800;40
2022;12;13;operacional;1560;30
2022;12;14;operacional;2080;40
2022;12;15;pleno;2925;30
2022;12;16;operacional;1960;40
2022;12;17;operacional;1960;40
2022;12;18;senior;5720;40
2022;12;19;operacional;1560;30
2022;12;20;junior;1950;30
2022;12;21;senior;5720;40
2022;12;22;senior;4620;30
2022;12;23;junior;2600;40
2022;12;24;executivo;24080;40
2022;12;25;pleno;3900;40
2022;12;26;operacional;1662;40
2022;12;27;junior;2450;40
2022;12;28;operacional;1365;30
2022;12;29;operacional;1900;40
2022;12;30;lideranca;6760;40
2022;12;31;executivo;25800;40
2022;12;32;junior;2600;40
2022;12;33;operacional;1820;40
2022;12;34;senior;4290;30
2022;12;35;junior;1950;30
2022;12;36;senior;4290;30
2022;12;37;operacional;2080;40
2022;12;38;operacional;1900;40
2022;12;39;junior;1500;20
2022;12;40;pleno;2925;30
2023;1;1;pleno;2925;30
2023;1;2;gerencial;10800;40
2023;1;3;operacional;1960;40
2023;1;4;senior;6160;40
2023;1;5;junior;2450;40
2023;1;6;operacional;1560;30
2023;1;7;operacional;1715;40
2023;1;8;lideranca;6760;40
2023;1;9;operacional;1365;30
2023;1;10;junior;1950;30
2023;1;11;pleno;3900;40
2023;1;12;executivo;25800;40
2023;1;13;operacional;1560;30
2023;1;14;operacional;2080;40
2023;1;15;pleno;2925;30
2023;1;16;operacional;1960;40
2023;1;17;operacional;1960;40
2023;1;18;senior;5720;40
2023;1;19;operacional;1560;30
2023;1;20;junior;1950;30
2023;1;21;senior;5720;40
2023;1;22;senior;4620;30
2023;1;23;junior;2600;40
2023;1;24;executivo;24080;40
2023;1;25;pleno;3900;40
2023;1;26;operacional;1662;40
2023;1;27;junior;2450;40
2023;1;28;operacional;1365;30
2023;1;29;operacional;1900;40
2023;1;30;lideranca;6760;40
2023;1;31;executivo;25800;40
2023;1;32;junior;2600;40
2023;1;33;operacional;1820;40
2023;1;34;senior;4290;30
2023;1;35;junior;1950;30
2023;1;36;senior;4290;30
2023;1;37;operacional;2080;40
2023;1;38;operacional;1900;40
2023;1;39;junior;1500;20
2023;1;40;pleno;2925;30
2023;2;1;pleno;2925;30
2023;2;2;gerencial;10800;40
2023;2;3;operacional;1960;40
2023;2;4;senior;6160;40
2023;2;5;junior;2450;40
2023;2;6;operacional;1560;30
2023;2;7;operacional;1715;40
2023;2;8;lideranca;6760;40
2023;2;9;operacional;1365;30
2023;2;10;junior;1950;30
2023;2;11;pleno;3900;40
2023;2;12;executivo;25800;40
2023;2;13;operacional;1560;30
2023;2;14;operacional;2080;40
2023;2;15;pleno;2925;30
2023;2;16;operacional;1960;40
2023;2;17;operacional;1960;40
2023;2;18;senior;5720;40
2023;2;19;operacional;1560;30
2023;2;20;junior;1950;30
2023;2;21;senior;5720;40
2023;2;22;senior;4620;30
2023;2;23;junior;2600;40
2023;2;24;executivo;24080;40
2023;2;25;pleno;3900;40
2023;2;26;operacional;1662;40
2023;2;27;junior;2450;40
2023;2;28;operacional;1365;30
2023;2;29;operacional;1900;40
2023;2;30;lideranca;6760;40
2023;2;31;executivo;25800;40
2023;2;32;junior;2600;40
2023;2;33;operacional;1820;40
2023;2;34;senior;4290;30
2023;2;35;junior;1950;30
2023;2;36;senior;4290;30
2023;2;37;operacional;2080;40
2023;2;38;operacional;1900;40
2023;2;39;junior;1500;20
2023;2;40;pleno;2925;30
2023;3;1;pleno;2925;30
2023;3;2;gerencial;13200;40
2023;3;3;operacional;1960;40
2023;3;4;senior;6160;40
2023;3;5;junior;2450;40
2023;3;6;operacional;1560;30
2023;3;7;operacional;1715;40
2023;3;8;lideranca;6760;40
2023;3;9;operacional;1365;30
2023;3;10;junior;1950;30
2023;3;11;pleno;3900;40
2023;3;12;executivo;25800;40
2023;3;13;operacional;1560;30
2023;3;14;operacional;2080;40
2023;3;15;senior;4290;30
2023;3;16;operacional;1960;40
2023;3;17;operacional;1960;40
2023;3;18;senior;5720;40
2023;3;19;operacional;1560;30
2023;3;20;junior;1950;30
2023;3;21;senior;5720;40
2023;3;22;senior;4620;30
2023;3;23;junior;2600;40
2023;3;24;executivo;24080;40
2023;3;25;pleno;3900;40
2023;3;26;operacional;1662;40
2023;3;27;junior;2450;40
2023;3;28;operacional;1365;30
2023;3;29;operacional;1900;40
2023;3;30;gerencial;9360;40
2023;3;31;executivo;25800;40
2023;3;32;junior;2600;40
2023;3;33;operacional;1820;40
2023;3;34;senior;4290;30
2023;3;35;junior;1950;30
2023;3;36;senior;4290;30
2023;3;37;operacional;2080;40
2023;3;38;operacional;1900;40
2023;3;39;junior;1500;20
2023;3;40;pleno;2925;30
2023;4;1;pleno;2925;30
2023;4;2;gerencial;13200;40
2023;4;3;operacional;1960;40
2023;4;4;senior;6160;40
2023;4;5;junior;2450;40
2023;4;6;operacional;1560;30
2023;4;7;operacional;1715;40
2023;4;8;lideranca;6760;40
2023;4;9;operacional;1365;30
2023;4;10;junior;1950;30
2023;4;11;pleno;3900;40
2023;4;12;executivo;25800;40
2023;4;13;operacional;1560;30
2023;4;14;operacional;2080;40
2023;4;15;senior;4290;30
2023;4;16;operacional;1960;40
2023;4;17;operacional;1960;40
2023;4;18;senior;5720;40
2023;4;19;operacional;1560;30
2023;4;20;junior;1950;30
2023;4;21;senior;5720;40
2023;4;22;senior;4620;30
2023;4;23;junior;2600;40
2023;4;24;executivo;24080;40
2023;4;25;pleno;3900;40
2023;4;26;operacional;1662;40
2023;4;27;junior;2450;40
2023;4;28;operacional;1365;30
2023;4;29;operacional;1900;40
2023;4;30;gerencial;9360;40
2023;4;31;executivo;25800;40
2023;4;32;junior;2600;40
2023;4;33;operacional;1820;40
2023;4;34;senior;4290;30
2023;4;35;junior;1950;30
2023;4;36;senior;4290;30
2023;4;37;operacional;2080;40
2023;4;38;operacional;1900;40
2023;4;39;junior;1500;20
2023;4;40;pleno;2925;30
2023;5;1;pleno;2925;30
2023;5;2;gerencial;13200;40
2023;5;3;operacional;1960;40
2023;5;4;senior;6160;40
2023;5;5;junior;2450;40
2023;5;6;operacional;1560;30
2023;5;7;operacional;1715;40
2023;5;8;lideranca;6760;40
2023;5;9;operacional;1560;30
2023;5;10;junior;1950;30
2023;5;11;pleno;3900;40
2023;5;12;executivo;25800;40
2023;5;13;operacional;1560;30
2023;5;14;operacional;2080;40
2023;5;15;senior;4290;30
2023;5;16;operacional;1960;40
2023;5;17;operacional;1960;40
2023;5;18;lideranca;6760;40
2023;5;19;operacional;1560;30
2023;5;20;junior;1950;30
2023;5;21;senior;5720;40
2023;5;22;senior;4620;30
2023;5;23;junior;2600;40
2023;5;24;executivo;24080;40
2023;5;25;pleno;3900;40
2023;5;26;operacional;1662;40
2023;5;27;junior;2450;40
2023;5;28;operacional;1365;30
2023;5;29;operacional;1900;40
2023;5;30;gerencial;9360;40
2023;5;31;executivo;25800;40
2023;5;32;junior;2600;40
2023;5;33;operacional;1820;40
2023;5;34;senior;4290;30
2023;5;35;junior;1950;30
2023;5;36;senior;4290;30
2023;5;37;operacional;2080;40
2023;5;38;operacional;1900;40
2023;5;39;junior;1500;20
2023;5;40;pleno;2925;30
2023;6;1;pleno;2925;30
2023;6;2;gerencial;13200;40
2023;6;3;operacional;1960;40
2023;6;4;senior;6160;40
2023;6;5;junior;2450;40
2023;6;6;operacional;1560;30
2023;6;7;operacional;1715;40
2023;6;8;lideranca;6760;40
2023;6;9;operacional;1560;30
2023;6;10;junior;1950;30
2023;6;11;senior;5720;40
2023;6;12;executivo;25800;40
2023;6;13;operacional;1560;30
2023;6;14;operacional;2080;40
2023;6;15;senior;4290;30
2023;6;16;operacional;1960;40
2023;6;17;operacional;1960;40
2023;6;18;lideranca;6760;40
2023;6;19;operacional;1560;30
2023;6;20;junior;1950;30
2023;6;21;senior;5720;40
2023;6;22;senior;4620;30
2023;6;23;junior;2600;40
2023;6;24;executivo;24080;40
2023;6;25;pleno;3900;40
2023;6;26;operacional;1662;40
2023;6;27;junior;2450;40
2023;6;28;operacional;1365;30
2023;6;29;operacional;1900;40
2023;6;30;gerencial;9360;40
2023;6;31;executivo;25800;40
2023;6;32;junior;2600;40
2023;6;33;operacional;1820;40
2023;6;34;lideranca;5070;30
2023;6;35;junior;1950;30
2023;6;36;senior;4290;30
2023;6;37;operacional;2080;40
2023;6;38;operacional;1900;40
2023;6;39;pleno;2250;20
2023;6;40;pleno;2925;30
2023;7;1;pleno;2925;30
2023;7;2;gerencial;13200;40
2023;7;3;operacional;1960;40
2023;7;4;senior;6160;40
2023;7;5;junior;2450;40
2023;7;6;operacional;1560;30
2023;7;7;operacional;1715;40
2023;7;8;lideranca;6760;40
2023;7;9;operacional;1560;30
2023;7;10;junior;1950;30
2023;7;11;senior;5720;40
2023;7;12;executivo;25800;40
2023;7;13;operacional;1560;30
2023;7;14;operacional;2080;40
2023;7;15;senior;4290;30
2023;7;16;operacional;1960;40
2023;7;17;operacional;1960;40
2023;7;18;lideranca;6760;40
2023;7;19;operacional;1560;30
2023;7;20;junior;1950;30
2023;7;21;senior;5720;40
2023;7;22;senior;4620;30
2023;7;23;junior;2600;40
2023;7;24;executivo;24080;40
2023;7;25;pleno;3900;40
2023;7;26;operacional;1662;40
2023;7;27;junior;2450;40
2023;7;28;operacional;1365;30
2023;7;29;operacional;1900;40
2023;7;30;gerencial;9360;40
2023;7;31;executivo;25800;40
2023;7;32;junior;2600;40
2023;7;33;operacional;1820;40
2023;7;34;lideranca;5070;30
2023;7;35;junior;1950;30
2023;7;36;senior;4290;30
2023;7;37;operacional;2080;40
2023;7;38;operacional;1900;40
2023;7;39;pleno;2250;20
2023;7;40;pleno;2925;30
2023;8;1;pleno;2925;30
2023;8;2;gerencial;13200;40
2023;8;3;operacional;1960;40
2023;8;4;senior;6160;40
2023;8;5;junior;2450;40
2023;8;6;junior;1950;30
2023;8;7;operacional;1715;40
2023;8;8;lideranca;6760;40
2023;8;9;operacional;1560;30
2023;8;10;junior;1950;30
2023;8;11;senior;5720;40
2023;8;12;executivo;25800;40
2023;8;13;operacional;1560;30
2023;8;14;operacional;2080;40
2023;8;15;senior;4290;30
2023;8;16;operacional;1960;40
2023;8;17;operacional;1960;40
2023;8;18;lideranca;6760;40
2023;8;19;operacional;1560;30
2023;8;20;junior;1950;30
2023;8;21;senior;5720;40
2023;8;22;senior;4620;30
2023;8;23;junior;2600;40
2023;8;24;executivo;24080;40
2023;8;25;pleno;3900;40
2023;8;26;operacional;1662;40
2023;8;27;junior;2450;40
2023;8;28;operacional;1365;30
2023;8;29;operacional;1900;40
2023;8;30;gerencial;9360;40
2023;8;31;executivo;25800;40
2023;8;32;pleno;3900;40
2023;8;33;operacional;1820;40
2023;8;34;lideranca;5070;30
2023;8;35;junior;1950;30
2023;8;36;senior;4290;30
2023;8;37;operacional;2080;40
2023;8;38;operacional;1900;40
2023;8;39;pleno;2250;20
2023;8;40;pleno;2925;30
2023;9;1;pleno;2925;30
2023;9;2;gerencial;13200;40
2023;9;3;operacional;1960;40
2023;9;4;senior;6160;40
2023;9;5;junior;2450;40
2023;9;6;junior;1950;30
2023;9;7;operacional;1960;40
2023;9;8;lideranca;6760;40
2023;9;9;operacional;1560;30
2023;9;10;junior;1950;30
2023;9;11;senior;5720;40
2023;9;12;executivo;25800;40
2023;9;13;operacional;1560;30
2023;9;14;operacional;2080;40
2023;9;15;senior;4290;30
2023;9;16;operacional;1960;40
2023;9;17;operacional;1960;40
2023;9;18;lideranca;6760;40
2023;9;19;junior;1950;30
2023;9;20;junior;1950;30
2023;9;21;senior;5720;40
2023;9;22;senior;4620;30
2023;9;23;junior;2600;40
2023;9;24;executivo;24080;40
2023;9;25;pleno;3900;40
2023;9;26;operacional;1662;40
2023;9;27;junior;2450;40
2023;9;28;operacional;1365;30
2023;9;29;operacional;1900;40
2023;9;30;gerencial;9360;40
2023;9;31;executivo;25800;40
2023;9;32;pleno;3900;40
2023;9;33;operacional;1820;40
2023;9;34;lideranca;5070;30
2023;9;35;junior;1950;30
2023;9;36;senior;4290;30
2023;9;37;operacional;2080;40
2023;9;38;operacional;1900;40
2023;9;39;pleno;2250;20
2023;9;40;pleno;2925;30
2023;10;1;pleno;2925;30
2023;10;2;gerencial;13200;40
2023;10;3;operacional;1960;40
2023;10;4;senior;6160;40
2023;10;5;junior;2450;40
2023;10;6;junior;1950;30
2023;10;7;operacional;1960;40
2023;10;8;lideranca;6760;40
2023;10;9;operacional;1560;30
2023;10;10;junior;1950;30
2023;10;11;senior;5720;40
2023;10;12;executivo;25800;40
2023;10;13;operacional;1560;30
2023;10;14;operacional;2080;40
2023;10;15;senior;4290;30
2023;10;16;junior;2450;40
2023;10;17;operacional;1960;40
2023;10;18;lideranca;6760;40
2023;10;19;junior;1950;30
2023;10;20;junior;1950;30
2023;10;21;senior;5720;40
2023;10;22;senior;4620;30
2023;10;23;junior;2600;40
2023;10;24;executivo;24080;40
2023;10;25;pleno;3900;40
2023;10;26;operacional;1662;40
2023;10;27;junior;2450;40
2023;10;28;operacional;1365;30
2023;10;29;operacional;1900;40
2023;10;30;gerencial;9360;40
2023;10;31;executivo;25800;40
2023;10;32;pleno;3900;40
2023;10;33;operacional;1820;40
2023;10;34;lideranca;5070;30
2023;10;35;junior;1950;30
2023;10;36;senior;4290;30
2023;10;37;junior;2600;40
2023;10;38;operacional;1900;40
2023;10;39;pleno;2250;20
2023;10;40;pleno;2925;30
2023;11;1;pleno;2925;30
2023;11;2;gerencial;13200;40
2023;11;3;operacional;1960;40
2023;11;4;senior;6160;40
2023;11;5;junior;2450;40
2023;11;6;junior;1950;30
2023;11;7;operacional;1960;40
2023;11;8;lideranca;6760;40
2023;11;9;operacional;1560;30
2023;11;10;junior;1950;30
2023;11;11;senior;5720;40
2023;11;12;executivo;25800;40
2023;11;13;operacional;1560;30
2023;11;14;operacional;2080;40
2023;11;15;senior;4290;30
2023;11;16;junior;2450;40
2023;11;17;operacional;1960;40
2023;11;18;lideranca;6760;40
2023;11;19;junior;1950;30
2023;11;20;pleno;2925;30
2023;11;21;senior;5720;40
2023;11;22;senior;4620;30
2023;11;23;junior;2600;40
2023;11;24;executivo;24080;40
2023;11;25;pleno;3900;40
2023;11;26;operacional;1662;40
2023;11;27;junior;2450;40
2023;11;28;operacional;1365;30
2023;11;29;operacional;1900;40
2023;11;30;gerencial;9360;40
2023;11;31;executivo;25800;40
2023;11;32;pleno;3900;40
2023;11;33;operacional;1820;40
2023;11;34;lideranca;5070;30
2023;11;35;junior;1950;30
2023;11;36;senior;4290;30
2023;11;37;junior;2600;40
2023;11;38;operacional;1900;40
2023;11;39;pleno;2250;20
2023;11;40;pleno;2925;30
2023;12;1;pleno;2925;30
2023;12;2;gerencial;13200;40
2023;12;3;operacional;1960;40
2023;12;4;senior;6160;40
2023;12;5;junior;2450;40
2023;12;6;junior;1950;30
2023;12;7;operacional;1960;40
2023;12;8;lideranca;6760;40
2023;12;9;operacional;1560;30
2023;12;10;junior;1950;30
2023;12;11;senior;5720;40
2023;12;12;executivo;25800;40
2023;12;13;operacional;1560;30
2023;12;14;operacional;2080;40
2023;12;15;senior;4290;30
2023;12;16;junior;2450;40
2023;12;17;operacional;1960;40
2023;12;18;lideranca;6760;40
2023;12;19;junior;1950;30
2023;12;20;pleno;2925;30
2023;12;21;senior;5720;40
2023;12;22;senior;4620;30
2023;12;23;junior;2600;40
2023;12;24;executivo;24080;40
2023;12;25;pleno;3900;40
2023;12;26;operacional;1662;40
2023;12;27;junior;2450;40
2023;12;28;operacional;1365;30
2023;12;29;operacional;1900;40
2023;12;30;gerencial;9360;40
2023;12;31;executivo;25800;40
2023;12;32;pleno;3900;40
2023;12;33;operacional;2080;40
2023;12;34;lideranca;5070;30
2023;12;35;junior;1950;30
2023;12;36;senior;4290;30
2023;12;37;junior;2600;40
2023;12;38;operacional;1900;40
2023;12;39;pleno;2250;20
2023;12;40;pleno;2925;30
